"1-indexed start position of item code in the full barcode. Example: for item code 3310100 in 3310100010009, start is 1.",
"1-indexed start position of weight segment. Example: in 3310100010009, weight starts at position 8.",
"<span class=\""h4\"">X POS</span>",
Accept Qty,
Account,Cuenta
Account Head,Encabezado de cuenta
Accounts Manager,Gerente de Cuentas
Accounts User,Cuentas de Usuario
Add Filter,
Add New Supplier,
Add a new supplier to the system,
Add items to pay,
Add to Cart,Añadir a la Cesta
Add/Edit Coupon Conditions,Agregar / editar condiciones de cupón
Additional Discount,Descuento adicional
Administrator,Administrador
Against Name,
All,Todos
All Groups,
All orders have been received,
Allocated {0} across {1} payment(s).,
Allocation amount for payment {0} exceeds outstanding invoices,
Amended From,Modificado Desde
Amount,Importe
Amount Due,
Amount exceeds POS Profile cash movement max amount.,
Amount must be greater than zero,
Amount must be greater than zero.,
Applied,Aplicado
Apply,
Apply For,
Apply For POS Profiles,
Apply On,Aplicar en
Apply Rule On Brand,Aplicar regla a la marca
Apply Rule On Item Code,Aplicar regla en código de artículo
Apply Rule On Item Group,Aplicar regla en grupo de artículos
Apply Type,
Are you sure you want to delete this draft?,
At least one item is required,
Auto Apply,
Auto-receive,
Available Programs,
Back Office Cash Account is fixed by POS Profile and cannot be overridden.,
Back Office Cash Account is required for cash deposit.,
Back Office Cash Account must be a Cash account.,
Back to Sign In,
Barcode,Código de barras
Barcode Printer,
Barcode Structure,
Barcode Type,Tipo de Código de Barras
Barcode lookup failed,
Barcode {0} already exists.,
Barcodes,Códigos de Barras
Brand,Marca
Campaign,Campaña
Cancel,Cancelar
Cancelled,Cancelado
Cancelling submitted cash movements is disabled for this POS Profile.,
Cannot add item to cart,
Cart,Carrito
Cart is empty,
Cash Deposit,
Cash Deposit is disabled for this POS Profile.,
Cash Movement,
Cash Movement is disabled for this POS Profile.,
Cash deposit recorded,
Cash flow tracking,
Cash movement is already cancelled,
Cash movement {0} not found,
Cashier,Cajero
Change,Cambio
Change Given,
Check your email for reset instructions,
Clear All,
Clear cart,
Click on items to add them here,
Click to change customer,
Click to select customer,
Client Request ID,
Close,Cerrar
Close Shift,
Closed,Cerrado
Closing,Cierre
Closing Amount,Monto de cierre
Closing...,
Company,Compañía
Company is required,
Company is required.,
Company must match the selected POS Opening Shift company.,
Company must match the selected POS Profile company.,
Contact administrator to set up loyalty programs,
Context is required,
Cost Center,Centro de costos
Cost Center is not set in pos profile {0},
Coupon,
Coupon Based,
Coupon Code,Código promocional
Coupon Code Based,Código de cupón basado
Coupon Description,Descripción del cupón
Coupon Name,Nombre del cupón
Coupon Type,Tipo de cupón
Coupon has expired,
Coupon is not valid for this customer,
Coupon is not yet valid,
Create New Supplier,
Create Supplier,
Create items,
Create suppliers,
Created By,
Creating...,
Credit Note,Nota de crédito
Credit Note {0} has no remaining balance to allocate.,
Credit note {0} is already fully allocated,
Credit note {0} still has an unapplied balance of {1},
Currency,Divisa / Moneda
"Currency is not correct, party account currency is {party_account_currency} and transaction currency is {currency}",
Currency is required,
Customer,Cliente
Customer Group,Categoría de Cliente
Customer Name,Nombre del cliente
Customer already exists,
Customer is already enrolled in {0},
Customer is already enrolled in {0}. Please unenroll from the current program first.,
Customer is not enrolled in any loyalty program,
Customer is required,Se requiere Cliente
Customer is required to create an address,
Customer locked for return,
Customer mismatch: Return must be for the same customer ({0}) as the original invoice,
Customer name is required,
Customer {0} not found,
"Customer, Company, Amount, and Mode of Payment are required",
Date,Fecha
Date & Time,
Default Loyalty Program,
Default Rate,
Default Rate is required,
Delete draft,
Deleting cancelled cash movements is disabled for this POS Profile.,
Delivery Charges,
Delivery Charges POS Profile,
Deposit,Depósito
Deposit To,
Description,Descripción
Details,Detalles
Difference,Diferencia
Digits after decimal. Example: 1.000 => decimals 3.,
"Digits before decimal. Example: for 1.000, use 1 (or 2 if your scale encodes 01.000).",
Disable,Desactivar
Disabled,Deshabilitado
Discount,Descuento
Discount %,
Discount Amount,Descuento
Discount Percentage,Porcentaje de descuento
Discount Type,Tipo de descuento
Discount amount,
Draft,Sequía
Draft invoice deleted,
Draft invoice restored to cart,
Email,Correo electrónico
Email Address,Dirección de correo electrónico
Email ID,
Email Sent Successfully,
Email address,
Email or Username,
Enable only if barcode also contains price segment.,
"Enable when your barcode starts with a fixed prefix value (for example, 331).",
Enroll Customer,
Enrolled,Inscrito
Enrolling...,Inscribiéndose ...
Enter coupon code...,
Enter reason for this transaction...,
Enter supplier name,
Enter the email address associated with your account,
Enter your email address,
Enter your email or username,
Enter your email to receive a password reset link,
Enter your password,
Expected,Esperado
Expected Amount,Monto Esperado
Expense,Gastos
Expense Account,Cuenta de costos
Expense Account is required for expense entries.,
Expense account is required,
Expense account is required for POS Expense.,
Expense target account must match Expense Account.,
Expires,
Failed to create payment request: {0},
Failed to delete draft invoice,
Failed to fetch draft invoices,
Failed to load draft invoice,
Failed to reconcile Credit Note {0}: {1},
Failed to reconcile Journal Entry {0}: {1},
Failed to reconcile Payment Entry {0}: {1},
Failed to record cash movement,
Failed to save draft: {0},
Failed to validate coupon,
Final Customer Offer,
"Fixed starting value of all scale barcodes (for example, 331). If set, barcodes not starting with this value are ignored.",
Forgot password?,
Generate and print barcode labels for items,
Generating...,
Gift Card,Tarjeta de regalo
Give Item,
Give Item Row ID,
Give Product,
Given Quantity,
Grand Total,Total
In Transit,En Transito
In-Transit,
In-Transit Stock,
Include QR Code,
Individual,Individual
Invalid Opening Entry,Entrada de apertura no válida
Invalid POS Opening Shift data provided.,
Invalid Period,Período no válido
Invalid language code,
Invalid language code format: {0},
Invalid movement type for journal entry.,
Invalid movement type.,
Invalid or already used coupon code,
Invalid or expired coupon code,
Invalid payload for cash movement.,
Invalid posting date.,
Invalid {0} filter,
Invoice,FACTURA
Invoice Amount,
Invoice Currency,
Invoice details,
Invoice name is required for update,
Invoice {0} Deleted,
Invoice {0} does not exist,
Invoice {0} not found,
Item,Producto
Item Code,Código del Producto
Item Code and Price List are required,
Item Code is required,
Item Discounts,
Item Group,Grupo de Productos
Item Price,Precio de Productos
Item Price has been added or updated,
Item Rate Should Less Then,
Item code digits,
Item code is required.,
Item code starting position,
Item {0} was not in the original invoice {1},
"Item {0}: Cannot return {1} units. Only {2} units remaining for return (Original: {3}, Already returned: {4})",
"Item {0}: Cannot return {1}, maximum returnable is {2}",
Item {0}: Discount {1}% exceeds maximum allowed {2}%,
Item {0}: Quantity must be greater than zero,
Item {0}: Rate cannot be negative,
Items,Productos
Journal Entry,Asiento contable
Journal Entry {0} has no unallocated amount remaining.,
Label,Etiqueta
Label Size,
Large (60×40mm),
Linked Invoices,Facturas Vinculadas
Loading in-transit stock...,
Loading pending orders...,
Loading suppliers...,
Loyalty,
Loyalty Information,
Loyalty Point,
Loyalty Point Scheme,
Loyalty Points,Puntos de lealtad
Loyalty Points Redeemed,
Loyalty Program,Programa de fidelidad
Loyalty Program is required,
Loyalty Program {0} not found,
Manage loyalty for,
Material transfers awaiting receipt at your warehouse,
Max Amount,Cantidad Máxima
Max Quantity,
Maximum Use,Uso maximo
Medium (50×30mm),
Method,Método
Min Amount,Cantidad mínima
Min Quantity,
Missing Dependency,
Mobile,Móvil
Mobile NO,
Mode Of Payment,Método de pago
Mode of Payment,Modo de pago
Mode of Payments,Modo de pago
Modes of Payment,Modos de Pago
Movement Type,
Movement Type must be Expense or Deposit.,
Net Total,Total neto
No allocation made for credit note {0},
No allocation made for payment {0},
No allocation was recorded for Credit Note {0}.,
No allocation was recorded for Journal Entry {0}.,
No allocation was recorded for Payment Entry {0}.,
No allocations were made.,
No batches available in {0} for {1}.,
No draft invoices found,
No groups found,
No in-transit stock,
No items found,
No items in cart to save.,
No items selected,
No items to invoice. Please ensure there are items on the Purchase Order.,
No items to receive.,
No items to receive. Please enter received quantities.,
No items to return.,
No loyalty programs available,
No matches found,
No material transfers pending receipt,
No open shift found. Please open a shift first.,
No orders found,
No outstanding invoices available for allocation of credit note {0},
No outstanding invoices available for allocation of payment {0},
No outstanding invoices were available to reconcile Credit Note {0}.,
No outstanding invoices were available to reconcile Journal Entry {0}.,
No outstanding invoices were available to reconcile Payment Entry {0}.,
No outstanding invoices were found for {0}.,
No pending stock,
"No query filters. Click \""Add Filter\"" to add one.",
No suppliers found,
No unallocated payments were available for reconciliation.,
No valid batches available in {0} for {1}.,
No valid items to receive.,
No valid items to return.,
Not Enrolled,
Number of decimal places encoded for the price.,
Number of digits representing the price before decimal places.,
Numpad,
Offer,
Offer Applied,
Offer Name,
Offers &amp; Coupons,
Offline,
Only One Use Per Customer,
Only cancelled POS Cash Movement records can be deleted.,
Only cancelled cash movements can be deleted.,
Only draft Quotations can be updated,
Only draft Sales Orders can be updated,
Only draft invoices can be deleted,
Only draft invoices can be updated,
Only draft invoices can be updated and submitted,
Only submitted cash movements can be cancelled.,
Only submitted or cancelled cash movements can be duplicated.,
Only the shift owner can create cash movement entries.,
Open,Abrir/Abierto
Opening,Apertura
Opening Amount,Importe de apertura
Opening Balance Details,Detalles del saldo inicial
Order History,
Order only,
Order saved as draft,
Orders,Órdenes
Original invoice {0} not found,
Out of Stock,Agotado
Outgoing Stock Entry is required.,
POS,Punto de venta POS
POS Allowed Expense Account,
POS Allowed Source Account,
POS Cash Movement,
POS Closing Shift,
POS Closing Shift Detail,
POS Closing Shift Taxes,
POS Closing Shift {} against {} between selected period,
POS Coupon,
POS Coupon Detail,
POS Expense,
POS Expense is disabled for this POS Profile.,
POS Invoice,Factura POS
POS Offer,
POS Offer Detail,
POS Offer is disabled.,
POS Opening Shift,
POS Opening Shift Detail,
POS Opening Shift is required,
POS Opening Shift is required to compute the overview.,
POS Opening Shift is required.,
POS Opening Shift must be submitted and open.,
POS Opening Shift not found.,
POS Opening Shift {0} is not for the same POS Profile,
POS Opening Shift {0} is not for the same company,
POS Payment Entry Reference,
POS Payments,
POS Print Format Rule,
POS Profile,Perfil de POS
POS Profile company must match active POS Opening Shift company.,
POS Profile is not set. Please close and reopen the shift.,
POS Profile is required,
POS Profile is required to create purchase documents.,
POS Profile is required.,
POS Profile must match the active POS Opening Shift profile.,
POS Profile must match the selected POS Opening Shift profile.,
POS Profile {} does not belongs to company {},El perfil de POS {} no pertenece a la empresa {}
"POS Profile, Customer, and Items are required",
POS Profiles,
POS Sales Person Filter,
POS Shift {0} is not open,
POS Transactions,Transacciones POS
POS credit redemption for Sales Invoice {0},
POS expense recorded,
POS profile data is missing or invalid.,
Password,
Pay {0},
Payment,Pago
Payment Entry,Entrada de pago
Payment Entry is already created or payment account is not matched,
Payment Entry {0} has no unallocated amount remaining.,
Payment Gateway Account not found,
Payment Reconciliation,Conciliación de pagos
Payment Request for {0},Solicitud de pago para {0}
Payment amount cannot be less than or equal to 0,El monto del pago no puede ser menor o igual a 0
Payment amount must be greater than zero,
Payment {0} is already fully allocated,
Payments,Pagos.
Pending,Pendiente
Period End Date,Fecha de Finalización del Período
Period Start Date,Fecha de Inicio del Período
Phone number,
Please enter the phone number first,Primero ingrese el número de teléfono
Please select Coupon Code Based POS Offer.,
Please select a customer before adding items to the cart,
Please select a customer before holding the order.,
Please select the correct POS Offer with the same company.,
Please select the customer.,Por favor seleccione el cliente.
Please set Default Payable Account in Company {0},
Please set default account for Mode of Payment {0} in company {1},
Point of Sale System,
Points Earned,
Points Redeemed,
Points Value,
"Positions are 1-indexed and counted on the full barcode. Example: 3310100010009 => prefix 331, item code 3310100, weight 1.000, check digit 9.",
Posting Date,Fecha de Contabilización
Prefix,
Prefix included in barcode,
Prefix length,
"Prefix length (for example, prefix 331 => length 3). Item/weight start positions still use full barcode positions.",
Price,Precio
Price Discount Scheme ,
Price List is required,
Price decimals,
Price digits,
Price included in barcode,
Price starting position,
Primary Customer Offer,
Print,Impresión
Print Format,Formatos de Impresión
Print Labels,
Print Last Invoice,
Process Return,
Process Return {0},
Processing...,
Product Discount Scheme,Esquema de descuento de producto
Profile,Perfil
Profiles List,
Program,Programa
Promo Type,
Promotional,Promocional
Promotional Schemes,
Purchase,Compra
Purchase Order is required.,
Purchase Order {0} does not exist.,
Purchase Order {0} is not submitted.,
Purchase Order {0} processing failed: {1},
Purchase Orders,Ordenes de compra
Purchase Orders pending receipt at,
Purchase order requires at least one item with quantity.,
Purchase order requires at least one item.,
Purchase orders,
Python package 'cryptography' is required for QZ Tray signing. Please install it on the server and retry.,
QZ Certificate Missing,
QZ Certificate Ready,
"QZ Tray certificate generated successfully.<br><br>Download the certificate from POS Awesome and import it into QZ Tray on each POS machine, then restart QZ Tray.",
QZ Tray certificate not found. Ask an administrator to run Setup QZ Certificate.,
QZ certificate already exists.,
QZ certificate generated successfully.,
Qty,Cant.
Qualifying Transaction / Item,
Quantity and Amount Conditions,
Quotation name is required,
Rate,Precio
Reason / Notes,
Receive,Recibir/Recibido
Receive & Return,
Receive Qty,
Receive Stock,
Receive stock,
Received at {0},
Receiving at,
Receiving...,
Recent Movements,
Record Deposit,
Record Expense,
Record a cash deposit,
Record a cash withdrawal,
Redeem Points,
Referral Code,código de referencia
Referral Code is required,
Referral Code {0} does not exist,
Referral Code {0} is disabled,
Referral Name,
Refresh,Actualizar
Refund Amount,
Reject Qty,
Remaining,Restante
Remaining outstanding: {0} across {1} invoice(s).,
Remarks,Observaciones
"Remarks (optional, e.g. items damaged)",
"Remarks (optional, e.g. missing or damaged items)",
Remarks are required for cash movement in this POS Profile.,
Remove Loyalty,
Repeat,
Repeat Invoice (Ctrl+G),
Replace Cheapest Item,
Replace Same Item,
Reset Password,
Restore Draft Invoice,
Restore draft,
Return,Retornar
Return & Print,
Return Against invoice is required for returns,
Return Payment,
Return Qty,Cantidad devuelta
Returns,Devoluciones
Returns are only allowed until {0},
Review and reconcile your shift,
"Row #{0}: The batch {1} has only {2} qty. Please select another batch which has {3} qty available or split the row into multiple rows, to deliver/issue from multiple batches","Fila #{0}: El lote {1} tiene sólo {2} de cantidad. Por favor, seleccione otro lote que tenga {3} de cantidad disponible o dividido la fila en varias filas, para entregar / emitir desde varios lotes"
Row ID,
Sales Invoice,Factura de venta
Sales Invoice Reference,
Sales Manager,Gerente de ventas
Sales Master Manager,Gerente principal de ventas
Sales Order Created,
Sales Order Created at <a href='{0}'>{1}</a>,
Sales Order name is required,
Sales Partner,Socio de ventas
Sales Person,Persona de ventas
Sales Summary,Resumen de ventas
Sales User,Usuario de ventas
Save & Print,
Save Only,
Save as draft,
Save your current order to create a draft,
Scale Barcode Settings,
Scan barcode...,
Search and add items from the left panel,
"Search by name, phone, email...",
Search for items to add barcode labels,
Search for or create a customer,
Search item groups...,
"Search items by name, code, or barcode...",
"Search items, scan barcode...",
Search suppliers...,
Searching...,
Secure login powered by Frappe Framework,
Select Customer,Seleccione Cliente
Select a draft invoice to restore to cart,
Select a loyalty program to enroll this customer,
Select customer first,
Selected,
Selected POS Opening Shift should be open.,
Selected expense account is not allowed for this POS Profile.,
Selected source account is not allowed for this POS Profile.,
Send Reset Link,
Sending...,Enviando...
Set Posting Date,Establecer fecha de publicación
Shift,Cambio
Shift closed successfully!,
Shipping Account,Cuenta de Envíos
Shortage return from transit to source,
Show Price,Mostrar Precio
Sign In,
Sign Out,
Sign in to your account to continue,
Signing in...,
Small (38×25mm),
Small remaining amounts,
"Sorry, this coupon code cannot be used by this company",
"Sorry, this coupon code cannot be used by this customer",
"Sorry, this coupon code is no longer valid","Lo sentimos, este código de cupón ya no es válido"
"Sorry, this coupon code not exists",
"Sorry, this coupon code's validity has expired","Lo sentimos, la validez de este código de cupón ha expirado"
"Sorry, this coupon code's validity has not started","Lo sentimos, la validez de este código de cupón no ha comenzado"
"Sorry, {0} have used this coupon before",
Source Account,
Source account,
Source account must be a Cash account.,
Source account must belong to the selected company.,
Source account override is disabled for this POS Profile.,
Source and target accounts are required.,
Source and target accounts cannot be the same for cash deposit.,
Split Payment,
Starting position (1-indexed) of the price segment.,
Status,Estado
Status must be one of {0},El estado debe ser uno de {0}
Stock Entry {0} does not exist.,
Stock Entry {0} has already been fully received.,
Stock Entry {0} is not a Material Transfer with in-transit.,
Stock Entry {0} is not a valid in-transit transfer.,
Stock Entry {0} is not submitted.,
Stock Receiving,
Stock UOM is required.,
Subtotal,Subtotal
Successfully enrolled {0} in {1},
Successfully unenrolled {0} from {1},
Summary,Resumen
Supplier Name,Nombre de proveedor
Supplier is required.,
Supplier name is required.,
Supplier {0} was not found.,
Suppliers,Proveedores
Sync,
System Manager,Administrador del sistema
Target Account,
Target account,
Target account is required,
Target account must belong to the selected company.,
Target warehouse is required.,
Tax Breakdown,
Tax ID,ID de impuesto
Taxes,Impuestos
Taxes & Charges,
Taxes Breakdown,
Tendered,
Theme: Dark (click to switch to System),
Theme: Light (click to switch to Dark),
Theme: System ({0}) (click to switch to Light),
This Referral Code {0} not exists,
This invoice {0} cannot be deleted,
Title,Nombre
Total,Total
Total Invoices,
Total Paid,
Total Quantity,Cantidad total
Total Taxes,
Total item code digits to extract. Example: item code 3310100 => digits 7.,
Transaction,Transacción
Try a different search or category,
Try adjusting your filters,
Try again,
Type,Tipo
Unable to cancel Journal Entry {0} linked to this invoice. Please cancel it manually and try again.,
Unable to create Journal Entry for customer credit.,
Unable to determine cash account for change payment entry.,
Unable to determine customer receivable account for change payment entry.,
Unable to find exchange rate for {0} to {1}. Please create a Currency Exchange record manually,
Unable to load Credit Note {0}: {1},
Unable to load Payment Entry {0}: {1},
Unable to resolve POS Opening Shift.,
Unable to resolve POS cash account from POS Profile cash mode of payment.,
Unenroll from Program,
Unknown error,
Used,Usado
User,Usuario
User must match the selected POS Opening Shift user.,
User {} has been disabled. Please select valid user/cashier,
Valid From,Válida desde
Valid Upto,Válida hasta
Validity and Usage,Validez y uso
Walk-in Customer,
Warehouse,Almacén
Website Manager,Administrar Página Web
Weight,Peso
Weight decimals,
Weight digits,
Weight starting position,
Weight value is parsed as: [weight digits].[weight decimals].,
Welcome back,
"When enabled, price is extracted using the price start/digits/decimals fields below.",
Worth {0},
Write Off,Desajuste
Write off amount exceeds the allowed limit ({0}). Please add payment for the remaining amount.,
X POS,
X POS App,
X POS Payments is not enabled for this POS Profile,
X POS Purchase Order Flow Failed,
You are not allowed to access this shift.,
You are not allowed to manage this cash movement record.,
You are trying to return more quantity for item {0} than was sold.,
days,
"e.g. \""Summer Holiday 2019 Offer 20\""",
incl.,
item,
item(s),
items,
items must be a list,
label(s),
modified_after must be a valid ISO datetime,
more,
pts,
received,
transferred,
unaccounted,
unique e.g. SAVE20  To be used to get discount,"Único, por ejemplo, SAVE20 Para ser utilizado para obtener descuento"
will be rejected,
will be returned to,
{0} Coupon used are {1}. Allowed quantity is exhausted,Los cupones {0} utilizados son {1}. La cantidad permitida se agota
{0} is disabled for this POS Profile.,
{0} is invalid.,
{0} must belong to company {1}.,
{0} payment(s) were skipped.,
{0} {1} must be submitted before creating change payment entries.,
{} Active,
Default Currency,Divisa / modena predeterminada
"e.g. ""Summer Holiday 2019 Offer 20""","por ejemplo, &quot;Vacaciones de verano 2019 Oferta 20&quot;"
Failed,Falló
First Name,Primer Nombre
Full Name,Nombre completo
Invoice Number,Número de factura
Keyboard Shortcuts,
Last Name,Apellido
Middle Name,Segundo Nombre
Mpesa Settings,Configuración de Mpesa
Posting Time,Hora de Contabilización
Reload,
Session Defaults,
Success,Éxito
Till Number,Hasta el número
Transaction Type,tipo de transacción
View Website,
Account,Cuenta,
Account Head,Encabezado de cuenta,
Accounts Manager,Gerente de Cuentas,
Accounts User,Cuentas de Usuario,
Add to Cart,Añadir a la Cesta,
Add/Edit Coupon Conditions,Agregar / editar condiciones de cupón,
Additional Discount,Descuento adicional,
Administrator,Administrador,
All,Todos,
Amended From,Modificado Desde,
Amount,Importe,
Applied,Aplicado,
Apply On,Aplicar en,
Apply Rule On Brand,Aplicar regla a la marca,
Apply Rule On Item Code,Aplicar regla en código de artículo,
Apply Rule On Item Group,Aplicar regla en grupo de artículos,
Barcode,Código de barras,
Barcode Type,Tipo de Código de Barras,
Brand,Marca,
Campaign,Campaña,
Cancel,Cancelar,
Cancelled,Cancelado,
Cart,Carrito,
Cashier,Cajero,
Change,Cambio,
Close,Cerrar,
Closed,Cerrado,
Closing,Cierre,
Closing Amount,Monto de cierre,
Company,Compañía,
Cost Center,Centro de costos,
Coupon Code,Código promocional,
Coupon Code Based,Código de cupón basado,
Coupon Description,Descripción del cupón,
Coupon Name,Nombre del cupón,
Coupon Type,Tipo de cupón,
Credit Note,Nota de crédito,
Currency,Divisa / Moneda,
Customer,Cliente,
Customer Group,Categoría de Cliente,
Customer Name,Nombre del cliente,
Customer is required,Se requiere Cliente,
Date,Fecha,
Deposit,Depósito,
Description,Descripción,
Details,Detalles,
Difference,Diferencia,
Disabled,Deshabilitado,
Discount,Descuento,
Discount Amount,Descuento,
Discount Percentage,Porcentaje de descuento,
Discount Type,Tipo de descuento,
Draft,Sequía,
Email,Correo electrónico,
Email Address,Dirección de correo electrónico,
Enrolled,Inscrito,
Enrolling...,Inscribiéndose ...,
Expected,Esperado,
Expected Amount,Monto Esperado,
Expense,Gastos,
Expense Account,Cuenta de costos,
Full Name,Nombre completo,
Gift Card,Tarjeta de regalo,
Grand Total,Total,
In Transit,En Transito,
Invalid Opening Entry,Entrada de apertura no válida,
Invoice,FACTURA,
Item,Producto,
Item Code,Código del Producto,
Item Group,Grupo de Productos,
Item Price,Precio de Productos,
Items,Productos,
Journal Entry,Asiento contable,
Label,Etiqueta,
Linked Invoices,Facturas Vinculadas,
Loyalty Points,Puntos de lealtad,
Loyalty Program,Programa de fidelidad,
Max Amount,Cantidad Máxima,
Maximum Use,Uso maximo,
Method,Método,
Min Amount,Cantidad mínima,
Mobile,Móvil,
Mode Of Payment,Método de pago,
Mode of Payment,Modo de pago,
Mode of Payments,Modo de pago,
Modes of Payment,Modos de Pago,
Net Total,Total neto,
Open,Abrir/Abierto,
Opening,Apertura,
Opening Amount,Importe de apertura,
Opening Balance Details,Detalles del saldo inicial,
Orders,Órdenes,
Out of Stock,Agotado,
POS,Punto de venta POS,
POS Invoice,Factura POS,
POS Profile,Perfil de POS,
POS Transactions,Transacciones POS,
Payment,Pago,
Payment Entry,Entrada de pago,
Payment Reconciliation,Conciliación de pagos,
Payment Request for {0},Solicitud de pago para {0},
Payment amount cannot be less than or equal to 0,El monto del pago no puede ser menor o igual a 0,
Payments,Pagos.,
Pending,Pendiente,
Period End Date,Fecha de Finalización del Período,
Period Start Date,Fecha de Inicio del Período,
Please enter the phone number first,Primero ingrese el número de teléfono,
Please select the customer.,Por favor seleccione el cliente.,
Posting Date,Fecha de Contabilización,
Price,Precio,
Print,Impresión,
Print Format,Formatos de Impresión,
Product Discount Scheme,Esquema de descuento de producto,
Program,Programa,
Promotional,Promocional,
Purchase Orders,Ordenes de compra,
Qty,Cant.,
Rate,Precio,
Receive,Recibir/Recibido,
Referral Code,código de referencia,
Refresh,Actualizar,
Remaining,Restante,
Remarks,Observaciones,
Return,Retornar,
Return Qty,Cantidad devuelta,
Returns,Devoluciones,
"Row #{0}: The batch {1} has only {2} qty. Please select another batch which has {3} qty available or split the row into multiple rows, to deliver/issue from multiple batches","Fila #{0}: El lote {1} tiene sólo {2} de cantidad. Por favor, seleccione otro lote que tenga {3} de cantidad disponible o dividido la fila en varias filas, para entregar / emitir desde varios lotes",
Sales Invoice,Factura de venta,
Sales Manager,Gerente de ventas,
Sales Master Manager,Gerente principal de ventas,
Sales Partner,Socio de ventas,
Sales Person,Persona de ventas,
Sales Summary,Resumen de ventas,
Sales User,Usuario de ventas,
Select Customer,Seleccione Cliente,
Sending...,Enviando...,
Set Posting Date,Establecer fecha de publicación,
Shipping Account,Cuenta de Envíos,
Show Price,Mostrar Precio,
"Sorry, this coupon code is no longer valid","Lo sentimos, este código de cupón ya no es válido",
"Sorry, this coupon code's validity has expired","Lo sentimos, la validez de este código de cupón ha expirado",
"Sorry, this coupon code's validity has not started","Lo sentimos, la validez de este código de cupón no ha comenzado",
Status,Estado,
Status must be one of {0},El estado debe ser uno de {0},
Summary,Resumen,
Supplier Name,Nombre de proveedor,
Suppliers,Proveedores,
System Manager,Administrador del sistema,
Tax ID,ID de impuesto,
Taxes,Impuestos,
Title,Nombre,
Total Quantity,Cantidad total,
Transaction,Transacción,
Type,Tipo,
Used,Usado,
User,Usuario,
Valid From,Válida desde,
Valid Upto,Válida hasta,
Validity and Usage,Validez y uso,
Warehouse,Almacén,
Website Manager,Administrar Página Web,
Weight,Peso,
Write Off,Desajuste,
"e.g. ""Summer Holiday 2019 Offer 20""","por ejemplo, &quot;Vacaciones de verano 2019 Oferta 20&quot;",
unique e.g. SAVE20  To be used to get discount,"Único, por ejemplo, SAVE20 Para ser utilizado para obtener descuento",
{0} Coupon used are {1}. Allowed quantity is exhausted,Los cupones {0} utilizados son {1}. La cantidad permitida se agota,
"1-indexed start position of item code in the full barcode. Example: for item code 3310100 in 3310100010009, start is 1.","Posición inicial (indexada en 1) del código de artículo en el código de barras completo. Ejemplo: para el código de artículo 3310100 en 3310100010009, el inicio es 1.",
"1-indexed start position of weight segment. Example: in 3310100010009, weight starts at position 8.","Posición inicial (indexada en 1) del segmento de peso. Ejemplo: en 3310100010009, el peso comienza en la posición 8.",
"<span class=""h4"">X POS</span>","<span class=""h4"">X TPV</span>",
About X POS,Acerca de X TPV,
Access restricted,Acceso restringido,
Actual Qty,Stock real,
Add Filter,Añadir filtro,
Add First Row,Añadir primera fila,
Add Row,Añadir fila,
Add Selected Item to Cart,Añadir artículo seleccionado al carrito,
Add a new item to inventory,Añadir un nuevo artículo al stock,
Add a new supplier,Añadir un nuevo proveedor,
Add items to pay,Añada artículos para pagar,
Additional Notes,Notas adicionales,
Addl. Discount,Desc. Adicional,
Address,Dirección,
Address line 1,Línea de dirección 1,
All Groups,Todos los grupos,
All caught up,Todo sincronizado,
All items must have positive quantities,Todos los artículos deben tener cantidades positivas,
Allocated {0} across {1} payment(s).,Asignados {0} en {1} pago(s).,
Allocation amount for payment {0} exceeds outstanding invoices,El importe asignado para el pago {0} supera las facturas pendientes,
Allow Cancel Submitted Cash Movement,Permitir cancelar movimiento de caja contabilizado,
Allow Create Purchase Items,Permitir crear artículos de compra,
Allow Create Purchase Suppliers,Permitir crear proveedores de compra,
Allow Delete Cancelled Cash Movement,Permitir eliminar movimiento de caja cancelado,
Allow Duplicate Customer Names,Permitir nombres de clientes duplicados,
Allow Free Batch Return,Permitir devolución libre de lote,
Allow Multi Currency,Permitir multidivisa,
Allow POS expense,Permitir gastos desde TPV,
Allow Purchase Order,Permitir pedido de compra,
Allow Purchase Receipt,Permitir albarán de compra,
Allow Return Without Invoice,Permitir devolución sin factura,
Allow Sales Order,Permitir pedido de venta,
Allow Source Account Override,Permitir anulación de cuenta de origen,
Allow cash deposit,Permitir depósito de efectivo,
Allow change posting date,Permitir cambiar fecha contable,
Allow credit sale,Permitir venta a crédito,
Allow delete draft invoices,Permitir eliminar facturas borrador,
Allow delete offline invoice,Permitir eliminar factura offline,
Allow make new payments,Permitir realizar nuevos pagos,
Allow reconcile payments,Permitir conciliar pagos,
Allow return,Permitir devolución,
Allow submissions in background job,Permitir contabilización en segundo plano,
Allow write off change,Permitir desajuste por redondeo,
Allow zero rated items,Permitir artículos exentos de IVA,
Allowed Expense Accounts,Cuentas de gastos autorizadas,
Allowed Sales Persons,Comerciales autorizados,
Allowed Source Accounts,Cuentas de origen autorizadas,
Amount Due,Importe debido,
Amount exceeds POS Profile cash movement max amount.,El importe excede el límite máximo de movimientos de caja fijado en el perfil de TPV.,
Amount must be greater than zero,El importe debe ser mayor que cero,
Amount must be greater than zero.,El importe debe ser mayor que cero.,
Analytics Reports,Informes analíticos,
Application settings,Ajustes de la aplicación,
Apply,Aplicar,
Apply Customer Discount,Aplicar descuento de cliente,
Apply Discount,Aplicar descuento,
Apply For,Aplicar a,
Apply For POS Profiles,Aplicar a perfiles de TPV,
Apply Type,Tipo de aplicación,
Are you sure you want to delete this draft?,¿Está seguro de que desea eliminar este borrador?,
Arrow keys to navigate,Teclas de dirección para navegar,
Ascending — click to sort descending,Ascendente — pulse para ordenar descendente,
At least one item is required,Se requiere al menos un artículo,
At least one item is required.,Se requiere al menos un artículo.,
Auto Apply,Autoaplicar,
Auto Referral,Recomendación automática,
Auto Set Batch,Asignar lote automáticamente,
Auto create referral for new customers,Crear recomendación automática para nuevos clientes,
Auto fetch coupons gifts,Obtener cupones y regalos automáticamente,
Auto set delivery charges,Asignar gastos de envío automáticamente,
Auto-generated,Autogenerado,
Available Programs,Programas disponibles,
Back,Atrás,
Back Office Cash Account,Cuenta de caja central,
Back Office Cash Account is fixed by POS Profile and cannot be overridden.,La cuenta de caja central está fijada por el perfil de TPV y no se puede modificar.,
Back Office Cash Account is required for cash deposit.,Se requiere la cuenta de caja central para el depósito de efectivo.,
Back Office Cash Account must be a Cash account.,La cuenta de caja central debe ser una cuenta de efectivo.,
Back to Desk,Volver al Desk,
Back to Reports,Volver a Informes,
Balance,Saldo,
Bank Drops,Retiradas a banco,
Barcode Printer,Impresora de códigos de barras,
Barcode Structure,Estructura de código de barras,
Barcode lookup failed,Fallo al buscar el código de barras,
Barcode {0} already exists.,El código de barras {0} ya existe.,
Batch,Lote,
Batch Price,Precio de lote,
Billed,Facturado,
Birthday,Fecha de nacimiento,
Block sale beyond available qty,Bloquear venta si supera el stock disponible,
Branch,Rama,
Branch Item Summary,Resumen de artículos por sucursal,
Branch Set Summary,Resumen de conjuntos por sucursal,
Brand-wise stock snapshot with quantities and valuation.,Instantánea de stock por marca con cantidades y valoración.,
Browse analytics reports,Explorar informes analíticos,
"Browse the reports library, open any report in a dedicated viewer, and export or copy the data directly from the app.","Explore la biblioteca de informes, abra cualquier informe en un visor dedicado y exporte o copie los datos directamente desde la app.",
"Built with ❤️, using VueJS","Desarrollado con ❤️, usando VueJS",
Buying Price,Precio de compra,
Calculate,Calcular,
Calculator - evaluate math expressions,Calculadora - evaluar expresiones matemáticas,
Camera Scanner,Escáner de cámara,
Camera permission denied. Please allow camera access.,"Permiso de cámara denegado. Por favor, permita el acceso a la cámara.",
Cancelling submitted cash movements is disabled for this POS Profile.,La cancelación de movimientos de caja contabilizados está desactivada para este perfil de TPV.,
Cannot add item to cart,No se puede añadir el artículo al carrito,
Cannot delete a submitted Purchase Order.,No se puede eliminar un pedido de compra contabilizado.,
Cannot delete submitted invoice {0}.,No se puede eliminar la factura de compra contabilizada {0}.,
Cannot sync a draft invoice. Load it to cart first.,No se puede sincronizar una factura borrador. Cárguela primero en el carrito.,
Cannot sync while offline,No se puede sincronizar mientras se esté offline,
Cannot update a submitted Purchase Order as draft.,No se puede actualizar un pedido de compra contabilizado como borrador.,
Card,Tarjeta,
Cart Actions,Acciones del carrito,
Cart is empty,El carrito está vacío,
Cash Deposit,Depósito de efectivo,
Cash Deposit is disabled for this POS Profile.,El depósito de efectivo está desactivado para este perfil de TPV.,
Cash Expense,Gasto de efectivo,
Cash Mode of Payment,Forma de pago: Efectivo,
Cash Movement,Movimiento de caja,
Cash Movement Max Amount,Importe máximo de movimiento de caja,
Cash Movement is disabled for this POS Profile.,Los movimientos de caja están desactivados para este perfil de TPV.,
Cash deposit recorded,Depósito de efectivo registrado,
Cashier settlement is disabled,El arqueo del cajero está desactivado,
Cashier — Unsettled Invoices,Cajero — Facturas TPV pendientes de liquidar,
Change Given,Cambio entregado,
Choose or create customer,Elegir o crear cliente,
City,Localidad,
Clear,Limpiar,
Clear All,Limpiar todo,
Clear All Items from Cart,Limpiar todos los artículos del carrito,
Clear all discounts,Limpiar todos los descuentos,
Clear cart,Limpiar carrito,
Clear cart and start new sale,Limpiar carrito y comenzar nueva venta,
Click on items to add them here,Haga clic en los artículos para añadirlos aquí,
Click to change customer,Haga clic para cambiar de cliente,
Click to select customer,Haga clic para seleccionar un cliente,
Client Request ID,ID de solicitud del cliente,
Close Dialog / Cancel,Cerrar cuadro de diálogo / Cancelar,
Close Shift,Cierre de caja,
Close the current POS shift,Cerrar el turno de TPV actual,
Closing...,Cerrando...,
Collection factor,Factor de recaudación,
Column Settings,Ajustes de columna,
Column settings,Ajustes de columna,
Command Search Help,Ayuda de búsqueda por comandos,
Compact warehouse stock overview with totals and stock movement levels.,Resumen compacto de stock en almacén con totales y niveles de movimiento de stock.,
Company is required,La empresa es obligatoria,
Company is required.,La empresa es obligatoria.,
Company must match the selected POS Opening Shift company.,La empresa debe coincidir con la empresa seleccionada en la apertura de turno de TPV.,
Company must match the selected POS Profile company.,La empresa debe coincidir con la empresa seleccionada en el perfil de TPV.,
Configure which POS actions each role may perform.,Configure qué acciones de TPV puede realizar cada rol.,
Contact administrator to set up loyalty programs,Contacte con el administrador para configurar los programas de fidelización,
Context is required,El contexto es obligatorio,
Conversion Factor,Factor de conversión,
Copied {0} rows to clipboard.,Se han copiado {0} filas al portapapeles.,
Copy,Copiar,
Cost Center is not set in pos profile {0},No se ha definido el centro de coste en el perfil de TPV {0},
Could not determine bank/cash account for payment. Please set default cash account for company.,"No se pudo determinar la cuenta de caja/banco para el pago. Por favor, defina la cuenta de caja por defecto para la empresa.",
Could not start camera.,No se pudo iniciar la cámara.,
Country,País,
Coupon,Cupón,
Coupon Based,Basado en cupón,
Coupon and Offers,Cupones y ofertas,
Coupon has already been used the maximum number of times,El cupón ya ha sido utilizado el número máximo de veces permitido,
Coupon has expired,El cupón ha caducado,
Coupon is not valid for this customer,El cupón no es válido para este cliente,
Coupon is not yet valid,El cupón aún no es válido,
Coupons,Cupones,
Create,Crear,
Create & Select,Crear y seleccionar,
Create & Submit,Crear y presentar,
Create New Customer,Crear nuevo cliente,
Create New Item,Crear nuevo artículo,
Create New Supplier,Crear nuevo proveedor,
Create Purchase Order,Crear pedido de compra,
Create items,Crear artículos,
Create purchase orders,Crear pedidos de compra,
Create suppliers,Crear proveedores,
Created By,Creado por,
Creating Purchase Order...,Creando pedido de compra...,
Creating...,Creando...,
Credit Limit,Límite de crédito,
Credit Note {0} has no remaining balance to allocate.,La factura rectificativa {0} no tiene saldo restante para imputar.,
Credit note {0} is already fully allocated,La factura rectificativa {0} ya está completamente imputada,
Credit note {0} still has an unapplied balance of {1},La factura rectificativa {0} todavía tiene un saldo pendiente de aplicar de {1},
Credit sale is not allowed for POS Profile {0}.,No se permite la venta a crédito para el perfil de TPV {0}.,
Ctrl+D to duplicate,Ctrl+D para duplicar,
"Currency is not correct, party account currency is {party_account_currency} and transaction currency is {currency}",La divisa no es correcta; la divisa de la cuenta de la contraparte es {party_account_currency} y la divisa de la transacción es {currency},
Currency is required,La divisa es obligatoria,
Current Stock,Stock actual,
Current Stock By Brand,Stock actual por marca,
Current Stock Report,Informe de stock actual,
Current Stock Summary,Resumen de stock actual,
Current Stock With Levels,Stock actual con niveles,
Current Stock with Levels,Stock actual con niveles,
Current Tier,Nivel actual,
Customer already exists,El cliente ya existe,
Customer cannot be changed in return mode,No se puede cambiar el cliente en modo devolución,
Customer created successfully!,¡Cliente creado correctamente!,
Customer enrolled successfully,Cliente inscrito correctamente,
Customer is already enrolled in {0},El cliente ya está inscrito en {0},
Customer is already enrolled in {0}. Please unenroll from the current program first.,"El cliente ya está inscrito en {0}. Por favor, desvincúlelo primero del programa actual.",
Customer is not enrolled in any loyalty program,El cliente no está inscrito en ningún programa de fidelización,
Customer is required to create an address,Se requiere un cliente para crear una dirección,
Customer locked for return,Cliente bloqueado para devolución,
Customer mismatch: Return must be for the same customer ({0}) as the original invoice,Disparidad de cliente: la devolución debe ser para el mismo cliente ({0}) que la factura original,
Customer name is required,El nombre del cliente es obligatorio,
Customer unenrolled successfully,Cliente dado de baja correctamente,
Customer updated successfully!,¡Cliente actualizado correctamente!,
Customer {0} not found,No se ha encontrado el cliente {0},
"Customer, Company, Amount, and Mode of Payment are required","El cliente, la empresa, el importe y el método de pago son obligatorios",
Data Sync,Sincronización de datos,
Date & Time,Fecha y hora,
Days,Días,
Dead Stock Report,Informe de stock obsoleto,
Default Loyalty Program,Programa de fidelización por defecto,
Default POS Expense Account,Cuenta de gastos de TPV por defecto,
Default Print Format,Formato de impresión por defecto,
Default Purchase UOM,Ud.M. de compra por defecto,
Default Rate,Tarifa por defecto,
Default Rate is required,La tarifa por defecto es obligatoria,
Default Source Account,Cuenta de origen por defecto,
Default View,Vista por defecto,
Del to delete selected,Supr para eliminar seleccionados,
Delete,Eliminar,
Delete all pending offline invoices? This cannot be undone.,¿Eliminar todas las facturas offline pendientes? Esta acción no se puede deshacer.,
Delete draft,Eliminar draft,
Delete row,Eliminar fila,
Delete selected,Eliminar seleccionados,
Deleting cancelled cash movements is disabled for this POS Profile.,La eliminación de movimientos de caja cancelados está desactivada para este perfil de TPV.,
Deleting offline invoices is disabled for this POS Profile.,La eliminación de facturas offline está desactivada para este perfil de TPV.,
Delivery Charges,Gastos de envío,
Delivery Charges POS Profile,Gastos de envío del perfil de TPV,
Delivery Charges Rate,Tarifa de gastos de envío,
Delivery Date,Fecha de entrega,
Delivery charge,Gastos de envío,
Deposit To,Ingresar en,
Deposit cancelled,Ingreso cancelado,
Descending — click to sort ascending,Descendente — haga clic para ordenar de forma ascendente,
Deselect all,Desmarcar todos,
Desktop App,Aplicación de escritorio,
Digits after decimal. Example: 1.000 => decimals 3.,Dígitos después del decimal. Ejemplo: 1.000 => 3 decimales.,
"Digits before decimal. Example: for 1.000, use 1 (or 2 if your scale encodes 01.000).","Dígitos antes del decimal. Ejemplo: para 1.000, use 1 (o 2 si su balanza codifica 01.000).",
Disc Amt,Imp. dto.,
Disc%,% Dto.,
Discount %,% Descuento,
Discount Limit,Límite de descuento,
Discount amount,Importe del descuento,
Display Items in Stock,Mostrar artículos con stock,
Display additional notes,Mostrar notas adicionales,
Display customer balance in POS screen,Mostrar el saldo del cliente en la pantalla del TPV,
Display item code,Mostrar código de artículo,
Doctype {0} is not permitted via this endpoint,El Doctype {0} no está permitido a través de este endpoint,
Done,Hecho,
Downloading profiles from server…,Descargando perfiles del servidor…,
Draft deleted,Draft eliminado,
Draft invoice deleted,Factura en borrador eliminada,
Draft invoice restored to cart,Factura en borrador restaurada al carrito,
Draft loaded,Draft cargado,
Draft loaded into cart,Draft cargado en el carrito,
Draft saved successfully,Draft guardado correctamente,
Draft {0} not found.,No se ha encontrado el draft {0}.,
Draft {0} saved,Draft {0} guardado,
Drag row number to reorder,Arrastre el número de fila para reordenar,
Drag to reorder,Arrastrar para reordenar,
Duplicate,Duplicar,
Duplicate POS Profile in Delivery Charges,Perfil de TPV duplicado en gastos de envío,
ERP Tax Account,Cuenta de impuestos del ERP,
Edit,Editar,
Edit Customer,Editar cliente,
Edit Row,Editar fila,
Edit row,Editar fila,
Email ID,Email,
Enable FBR Integration,Activar integración con FBR,
Enable FBR fiscal invoice submission for invoices created from this POS Profile.,Activar la presentación de facturas fiscales ante la FBR para las facturas creadas desde este perfil de TPV.,
Enable cash movement,Activar movimientos de caja,
Enable cashier settlement,Activar arqueo de caja,
Enable only if barcode also contains price segment.,Activar solo si el código de barras también contiene el segmento de precio.,
Enable only if the FBR sandbox certificate chain fails TLS validation in your environment.,Activar solo si la cadena de certificados del entorno de pruebas de la FBR falla la validación TLS en su entorno.,
Enable return validity,Activar validez de devolución,
Enable return validity date enforcement for POS returns.,Activar el control de la fecha de validez para las devoluciones en el TPV.,
Enable when this item must be posted to FBR as a 3rd Schedule item.,Activar cuando este artículo deba notificarse a la FBR como un artículo del 3er Programa.,
"Enable when your barcode starts with a fixed prefix value (for example, 331).","Activar cuando el código de barras comience con un valor de prefijo fijo (por ejemplo, 331).",
Enabled,Activado,
Enroll Customer,Inscribir cliente,
Enter an invoice number or customer name to search,Introduzca un número de factura o nombre de cliente para buscar,
Enter coupon code...,Introduzca el código de cupón...,
Enter for next row,Intro para la siguiente fila,
Enter reason for this transaction...,Introduzca el motivo de esta transacción...,
Expense Account is required for expense entries.,La cuenta de gastos es obligatoria para los asientos de gastos.,
Expense account is required,La cuenta de gastos es obligatoria,
Expense account is required for POS Expense.,La cuenta de gastos es obligatoria para los gastos de TPV.,
Expense cancelled,Gasto cancelado,
Expense target account must match Expense Account.,La cuenta de destino del gasto debe coincidir con la cuenta de gastos.,
Expenses,Gastos,
Expires,Caduca,
Export CSV,Exportar CSV,
FBR API URL,URL de la API de FBR,
FBR API call failed: {0},Falló la llamada a la API de FBR: {0},
FBR Bearer Token,Token de autenticación de FBR,
FBR Environment,Entorno FBR,
FBR Integration,Integración con FBR,
FBR Invoice Number,Número de factura FBR,
FBR POS ID,ID del TPV FBR,
FBR Payment Mode Code,Código del método de pago FBR,
FBR Posted On,Enviado a FBR el,
FBR Third Schedule,3er Programa FBR,
FBR did not return a fiscal invoice number.,La FBR no devolvió un número de factura fiscal.,
"FBR integration is enabled on POS Profile {0}, but these fields are missing: {1}","La integración con FBR está activada en el perfil de TPV {0}, pero faltan estos campos: {1}",
FBR rejected the invoice request.,La FBR rechazó la solicitud de factura.,
FBR rejected the request. Check the bearer token and IP whitelist configured on the FBR portal.,La FBR rechazó la solicitud. Compruebe el token de autenticación y la lista blanca de IP configurados en el portal de la FBR.,
Failed to cancel deposit,Error al cancelar el ingreso,
Failed to cancel expense,Error al cancelar el gasto,
Failed to create Purchase Order: {0},Error al crear el pedido de compra: {0},
Failed to create customer: ,Error al crear el cliente: ,
Failed to create invoice,Error al crear la factura,
Failed to create payment request: {0},Error al crear la solicitud de pago: {0},
Failed to delete draft,Error al eliminar el draft,
Failed to delete draft invoice,Error al eliminar la factura en borrador,
Failed to enroll customer,Error al inscribir al cliente,
Failed to fetch draft invoices,Error al obtener las facturas en draft,
Failed to fetch order details,Error al obtener los detalles del pedido,
Failed to load bank drops,Error al cargar los ingresos bancarios,
Failed to load draft,Error al cargar el draft,
Failed to load draft into cart,Error al cargar el draft en el carrito,
Failed to load draft invoice,Error al cargar la factura en draft,
Failed to load drafts,Error al cargar los drafts,
Failed to load expenses,Error al cargar los gastos,
Failed to load purchase orders,Error al cargar los pedidos de compra,
Failed to open invoice for settlement,Error al abrir la factura para su arqueo,
Failed to print invoice,Error al imprimir la factura,
Failed to print invoice locally,Error al imprimir la factura en local,
Failed to reconcile Credit Note {0}: {1},Error al conciliar la factura rectificativa {0}: {1},
Failed to reconcile Journal Entry {0}: {1},Error al conciliar el asiento contable {0}: {1},
Failed to reconcile Payment Entry {0}: {1},Error al conciliar el asiento de pago {0}: {1},
Failed to record cash movement,Error al registrar el movimiento de caja,
Failed to record deposit,Error al registrar el ingreso,
Failed to record expense,Error al registrar el gasto,
Failed to repeat invoice,Error al duplicar la factura,
Failed to save draft,Error al guardar el draft,
Failed to save draft: {0},Error al guardar el draft: {0},
Failed to save invoice offline,Error al guardar la factura en offline,
Failed to send to cashier: {0},Error al enviar al cajero: {0},
Failed to submit invoice,Error al presentar la factura,
Failed to unenroll customer,Error al dar de baja al cliente,
Failed to update customer: ,Error al actualizar el cliente: ,
Failed to update permission,Error al actualizar el permiso,
Failed to validate coupon,Error al validar el cupón,
Female,Mujer,
Field...,Campo...,
Fill in customer details,Rellene los datos del cliente,
Filters,Filtros,
Final Customer Offer,Oferta de cliente final,
Finance,Finanzas,
"Fixed starting value of all scale barcodes (for example, 331). If set, barcodes not starting with this value are ignored.","Valor inicial fijo de todos los códigos de barras de la balanza (por ejemplo, 331). Si se define, se ignorarán los códigos de barras que no comiencen con este valor.",
Focus Barcode Input,Foco en la entrada del código de barras,
Focus Search Input,Foco en la entrada de búsqueda,
For POS Closing Shift Payment Reconciliation,Para la conciliación de pagos del turno de cierre de TPV,
Force Price from Customer Price List,Forzar precio de la lista de precios del cliente,
Force Reload Items,Forzar recarga de artículos,
Force items to use the customer's price list. Items without a price will show zero.,Fuerza a los artículos a utilizar la lista de precios del cliente. Los artículos sin precio asignado mostrarán cero.,
From,Desde,
From Date,Desde la fecha,
From PO,Desde pedido,
From Posting Date,Desde la fecha contable,
Full name,Nombre completo,
Gender,Género,
Generate and print barcode labels for items,Generar e imprimir etiquetas de códigos de barras para artículos,
Generating...,Generando...,
Get Items,Obtener artículos,
Give Item,Entregar artículo,
Give Item Row ID,ID de fila de entrega de artículo,
Give Product,Entregar producto,
Given Quantity,Cantidad entregada,
Given Quantity must be more than zero,La cantidad entregada debe ser mayor que cero,
Go to Bank Drops,Ir a ingresos bancarios,
Go to Desk,Ir al Desk,
Go to Expenses,Ir a gastos,
Go to Orders,Ir a pedidos,
Go to POS,Ir al TPV,
Go to POS screen,Ir a la pantalla del TPV,
Go to Purchase Invoice,Ir a factura de compra,
Go to Purchase Order,Ir a pedido de compra,
Go to Stock Receiving,Ir a recepción de stock,
Gross,Bruto,
Gross Total,Total bruto,
Held Invoices,Facturas retenidas,
Help,Ayuda,
Hide closing shift,Ocultar turno de cierre,
Hide expected amount,Ocultar importe previsto,
Hide variants items,Ocultar variantes de artículos,
Hold / Park Invoice,Retener / Aparcar factura,
Hold Invoice,Retener factura,
Home,Inicio,
"If checked, this user is a cashier and may open the Cashier screen to settle (close) bills sent from POS terminals.","Si está marcado, este usuario es un cajero y puede abrir la pantalla de cajero para liquidar (cerrar) las facturas enviadas desde los terminales TPV.",
In-Transit Stock,Stock en tránsito,
Include QR Code,Incluir código QR,
Increase/Decrease Quantity (in cart),Aumentar/Disminuir cantidad (en el carrito),
Individual,Particular,
Input Qty,Introducir cantidad,
Internet connection restored,Se ha restablecido la conexión a Internet,
Invalid POS Opening Shift data provided.,Los datos del turno de apertura de TPV proporcionados no son válidos.,
Invalid doctype for return search,Doctype no válido para la búsqueda de devoluciones,
Invalid language code,Código de idioma no válido,
Invalid language code format: {0},Formato de código de idioma no válido: {0},
Invalid movement type for journal entry.,Tipo de movimiento no válido para el asiento contable.,
Invalid movement type.,Tipo de movimiento no válido.,
Invalid or already used coupon code,Código de cupón no válido o ya utilizado,
Invalid or expired coupon code,Código de cupón no válido o caducado,
Invalid payload for cash movement.,Carga de datos no válida para el movimiento de caja.,
Invalid posting date.,Fecha contable no válida.,
Invalid {0} filter,Filtro {0} no válido,
Invoice Amount,Importe de la factura,
Invoice Currency,Divisa de la factura,
Invoice details,Detalles de la factura,
Invoice not found for printing,No se ha encontrado la factura para imprimir,
Invoice saved locally (#{0}). It will sync to server automatically.,Factura guardada en local (#{0}). Se sincronizará con el servidor automáticamente.,
Invoice synced successfully,Factura sincronizada correctamente,
Invoice will be submitted with a partial payment.,La factura se presentará con un pago parcial.,
Invoice will be submitted with an outstanding credit balance.,La factura se presentará con un saldo pendiente de abonar.,
Invoice {0} Deleted,Factura {0} eliminada,
Invoice {0} does not exist,La factura {0} no existe,
Invoice {0} has been cancelled and cannot be submitted.,La factura {0} ha sido cancelada y no se puede presentar.,
Invoice {0} is not a draft and cannot be updated,La factura {0} no está en draft y no se puede actualizar,
Invoice {0} is not a draft.,La factura {0} no está en draft.,
Invoice {0} not found,No se ha encontrado la factura {0},
Invoice {0} saved successfully!,¡Factura {0} guardada correctamente!,
Invoices,Facturas,
Is Cashier,Es cajero,
Is Offer,Es oferta,
Is Printed,Está impreso,
Item Code and Price List are required,El código de artículo y la lista de precios son obligatorios,
Item Code is required,El código de artículo es obligatorio,
Item Discount,Descuento por artículo,
Item Discounts,Descuentos por artículo,
Item Name,Nombre del artículo,
Item Price has been added or updated,Se ha añadido o actualizado el precio del artículo,
Item Rate Should Less Then,El precio unitario del artículo debe ser menor que,
Item Search Limit,Límite de búsqueda de artículos,
Item Selection,Selección de artículos,
Item code digits,Dígitos del código de artículo,
Item code is required.,El código de artículo es obligatorio.,
Item code starting position,Posición inicial del código de artículo,
Item movement and sales summary for a branch and warehouse window.,Resumen de movimientos y ventas de artículos para una sucursal y almacén.,
Item not found,Artículo no encontrado,
Item not found for barcode,No se ha encontrado ningún artículo para este código de barras,
"Item {0} is missing Customs Tariff Number, which FBR requires as the PCT Code.","Al artículo {0} le falta el código arancelario, exigido por la FBR como código PCT.",
Item {0} was not in the original invoice {1},El artículo {0} no estaba en la factura original {1},
"Item {0}: Cannot return {1} units. Only {2} units remaining for return (Original: {3}, Already returned: {4})","Artículo {0}: No se pueden devolver {1} unidades. Solo quedan {2} unidades pendientes de devolución (Original: {3}, Ya devueltas: {4})",
Item {0}: Discount {1}% exceeds maximum allowed {2}%,Artículo {0}: El descuento del {1}% supera el máximo permitido del {2}%,
Items loaded from PO {0},Artículos cargados desde el pedido {0},
Journal Entry {0} has no unallocated amount remaining.,El asiento contable {0} no tiene saldo pendiente de imputar.,
Keyboard Shortcuts,Atajos de teclado,
Label Size,Tamaño de etiqueta,
Large (60×40mm),Grande (60×40mm),
Last sync,Última sincronización,
List,Lista,
"Live stock valuation by item, warehouse, supplier, brand, and group.","Valoración de stock en tiempo real por artículo, almacén, proveedor, marca y grupo.",
Load,Cargar,
Load Items,Cargar artículos,
Load More,Cargar más,
Load to Cart,Cargar al carrito,
Loading in-transit stock...,Cargando stock en tránsito...,
Loading items...,Cargando artículos...,
Loading...,Cargando...,
Local Item Name,Nombre local del artículo,
Locked,Bloqueado,
Locked by POS Profile,Bloqueado por perfil de TPV,
Low Qty Sales Report,Informe de ventas de baja cantidad,
Loyalty,Fidelización,
Loyalty Information,Información de fidelización,
Loyalty Point,Punto de fidelización,
Loyalty Point Scheme,Esquema de puntos de fidelización,
Loyalty Points Redeemed,Puntos de fidelización canjeados,
Loyalty Points must be more than zero,Los puntos de fidelización deben ser mayores que cero,
Loyalty Program is required,El programa de fidelización es obligatorio,
Loyalty Program {0} not found,No se ha encontrado el programa de fidelización {0},
Main,Principal,
Male,Hombre,
Manage expenses,Gestionar gastos,
Manage loyalty for,Gestionar fidelización para,
Margin%,% Margen,
Material transfers awaiting receipt at your warehouse,Transferencias de materiales pendientes de recibir en su almacén,
Max Discount Percentage Allowed,Porcentaje máximo de descuento permitido,
Max Quantity,Cantidad máxima,
Maximum discount percentage this user may apply at POS. Defaults to 100 (no cap).,Porcentaje de descuento máximo que este usuario puede aplicar en el TPV. Por defecto es 100 (sin límite).,
Medium (50×30mm),Mediano (50×30mm),
Menu,Menú,
Min Amount must be more than zero for Transaction offers,El importe mínimo debe ser mayor que cero para ofertas de transacción,
Min Qty,Cantidad mínima,
Min Quantity,Cantidad mínima,
Minimum Value,Valor mínimo,
Missing Dependency,Falta dependencia,
Mobile NO,Nº de móvil,
Mobile No,Nº de móvil,
Mode,Modo,
Mode of Payment {0} is not mapped to an FBR Payment Mode Code. Configure the FBR Payment Mode Code field on that Mode of Payment.,El método de pago {0} no está asignado a un código de método de pago FBR. Configure el campo Código de método de pago FBR en dicho método de pago.,
Move,Mover,
Move down,Mover abajo,
Move up,Mover arriba,
Movement Type,Tipo de movimiento,
Movement Type must be Expense or Deposit.,El tipo de movimiento debe ser Gasto o Depósito.,
Movement summary by warehouse and voucher type over time.,Resumen de movimientos por almacén y tipo de vale a lo largo del tiempo.,
Movement velocity overview to identify fast and slow sellers.,Resumen de velocidad de rotación para identificar artículos de alta y baja rotación.,
Navigate,Navegar,
Navigate Items,Navegar por los artículos,
"Navigate to a page (pos, orders, reports, expenses...)","Navegar a una página (tpv, pedidos, informes, gastos...)",
Navigation,Navegación,
Net,Neto,
New Bank Drop,Nueva retirada a banco,
New Customer,Nuevo cliente,
New Expense,Nuevo gasto,
New Invoice,Nueva factura,
New Item,Nuevo artículo,
New Purchase Order,Nuevo pedido de compra,
New Sale,Nueva venta,
New Sale / Clear Cart,Nueva venta / Limpiar carrito,
New invoices from terminals will appear here automatically.,Las nuevas facturas de los terminales aparecerán aquí automáticamente.,
No POS roles found. Create a POS Role first.,No se han encontrado roles de TPV. Crea un rol de TPV primero.,
No Payment,Sin pago,
No Supplier,Sin proveedor,
No allocation made for credit note {0},No se ha realizado ninguna asignación para la factura rectificativa {0},
No allocation made for payment {0},No se ha realizado ninguna asignación para el pago {0},
No allocation was recorded for Credit Note {0}.,No se registró ninguna asignación para la factura rectificativa {0}.,
No allocation was recorded for Journal Entry {0}.,No se registró ninguna asignación para el asiento contable {0}.,
No allocation was recorded for Payment Entry {0}.,No se registró ninguna asignación para el asiento de pago {0}.,
No allocations were made.,No se realizaron asignaciones.,
No batches available in {0} for {1}.,No hay lotes disponibles en {0} para {1}.,
No camera found on this device.,No se ha encontrado ninguna cámara en este dispositivo.,
No connection – draft saved offline,Sin conexión – borrador guardado en modo offline,
No connection – will sync to cashier when back online,Sin conexión – se sincronizará con la caja cuando vuelva a estar online,
No customers found,No se han encontrado clientes,
No data to print.,No hay datos para imprimir.,
No delivery charges available for this profile,No hay gastos de envío disponibles para este perfil,
No draft invoices found,No se han encontrado borradores de factura,
No drafts found,No se han encontrado borradores,
No fields,Sin campos,
No fields found,No se han encontrado campos,
No groups found,No se han encontrado grupos,
No in-transit stock,Sin stock en tránsito,
No invoices found,No se han encontrado facturas,
No items found,No se han encontrado artículos,
No items found for this category and supplier,No se han encontrado artículos para esta categoría y proveedor,
No items found in this invoice,No se han encontrado artículos en esta factura,
No items found to create Purchase Order,No se han encontrado artículos para crear el pedido de compra,
No items in cart to save.,No hay artículos en el carrito para guardar.,
No items in cart to send.,No hay artículos en el carrito para enviar.,
No items selected,No se han seleccionado artículos,
No items to invoice. Please ensure there are items on the Purchase Order.,"No hay artículos que facturar. Por favor, asegúrate de que hay artículos en el pedido de compra.",
No items to receive.,No hay artículos que recibir.,
No items to receive. Please enter received quantities.,"No hay artículos que recibir. Por favor, introduce las cantidades recibidas.",
No items to return.,No hay artículos que devolver.,
No loyalty programs available,No hay programas de fidelización disponibles,
No material transfers pending receipt,No hay transferencias de material pendientes de recibir,
No open shift found. Please open a shift first.,"No se ha encontrado ningún turno abierto. Por favor, abre un turno primero.",
No outstanding invoices available for allocation of credit note {0},No hay facturas pendientes disponibles para asignar a la factura rectificativa {0},
No outstanding invoices available for allocation of payment {0},No hay facturas pendientes disponibles para asignar al pago {0},
No outstanding invoices were available to reconcile Credit Note {0}.,No había facturas pendientes disponibles para conciliar la factura rectificativa {0}.,
No outstanding invoices were available to reconcile Journal Entry {0}.,No había facturas pendientes disponibles para conciliar el asiento contable {0}.,
No outstanding invoices were available to reconcile Payment Entry {0}.,No había facturas pendientes disponibles para conciliar el asiento de pago {0}.,
No outstanding invoices were found for {0}.,No se encontraron facturas pendientes para {0}.,
No pending offline invoices.,No hay facturas offline pendientes.,
No pending purchase orders,No hay pedidos de compra pendientes,
No profiles found. Check server connection or click Refresh.,No se han encontrado perfiles. Comprueba la conexión con el servidor o haz clic en Actualizar.,
"No query filters. Click ""Add Filter"" to add one.","No hay filtros de consulta. Haz clic en ""Añadir filtro"" para añadir uno.",
No redeemable loyalty points for this invoice total,No hay puntos de fidelización canjeables para el total de esta factura,
No reports match your search,Ningún informe coincide con tu búsqueda,
No results,Sin resultados,
No results found,No se han encontrado resultados,
No rows available to export.,No hay filas disponibles para exportar.,
No rows found,No se han encontrado filas,
No rows to copy.,No hay filas para copiar.,
No unallocated payments were available for reconciliation.,No había pagos sin asignar disponibles para la conciliación.,
No unsettled invoices,No hay facturas pendientes de liquidar,
No valid batches available in {0} for {1}.,No hay lotes válidos disponibles en {0} para {1}.,
No valid items to receive.,No hay artículos válidos que recibir.,
No valid items to return.,No hay artículos válidos que devolver.,
Node Role,Rol de nodo,
Not Enrolled,No inscrito,
Not Set,No establecido,
Not Set (empty),No establecido (vacío),
Not permitted to view reports,No tienes permiso para ver informes,
Now,Ahora,
Number of decimal places encoded for the price.,Número de decimales codificados para el precio.,
Number of digits representing the price before decimal places.,Número de dígitos que representan el precio antes de los decimales.,
Numpad,Teclado numérico,
Offer,Oferta,
Offer Applied,Oferta aplicada,
Offer Discount,Descuento de oferta,
Offer Name,Nombre de la oferta,
Offers,Ofertas,
Offers & Coupons,Ofertas y cupones,
Offline Invoices,Facturas offline,
Only One Use Per Customer,Solo un uso por cliente,
Only a Supervisor can close a shift.,Solo un supervisor puede cerrar un turno.,
Only a cashier can settle this invoice.,Solo un cajero puede liquidar esta factura.,
Only cancelled POS Cash Movement records can be deleted.,Solo se pueden eliminar los registros de movimientos de caja de TPV cancelados.,
Only cancelled cash movements can be deleted.,Solo se pueden eliminar los movimientos de caja cancelados.,
Only draft Quotations can be updated,Solo se pueden actualizar los presupuestos en borrador,
Only draft Sales Orders can be updated,Solo se pueden actualizar los pedidos de venta en borrador,
Only draft invoices can be deleted,Solo se pueden eliminar las facturas en borrador,
Only draft invoices can be updated and submitted,Solo se pueden actualizar y emitir las facturas en borrador,
Only submitted or cancelled cash movements can be duplicated.,Solo se pueden duplicar los movimientos de caja emitidos o cancelados.,
Only the shift owner can create cash movement entries.,Solo el propietario del turno puede crear asientos de movimiento de caja.,
Only users marked as cashier in the POS Profile can settle bills. Ask a manager to enable it for you.,Solo los usuarios marcados como cajero en el perfil de TPV pueden liquidar cuentas. Pídele a un administrador que te lo active.,
Open Command Search,Abrir buscador de comandos,
Open Settings,Abrir ajustes,
Open Shift,Abrir turno,
Open a shift to view bank drops,Abre un turno para ver las retiradas a banco,
Open a shift to view expenses,Abre un turno para ver los gastos,
Open your shift to get started,Abre tu turno para comenzar,
Opening & Closing,Apertura y cierre,
Opening Cash Balance,Saldo de caja de apertura,
Opening Shift,Turno de apertura,
Opening Shift is required,El turno de apertura es obligatorio,
Opening Shift...,Abriendo turno...,
Optional default number of days after posting date when returns remain valid.,Número opcional de días por defecto tras la fecha de contabilización en los que las devoluciones siguen siendo válidas.,
Optional notes...,Notas opcionales...,
"Optional override for FBR posting. Leave blank to auto-detect from the mode name. 1 Cash, 2 Card, 3 Gift Voucher, 4 Loyalty Card, 5 Mixed, 6 Cheque.","Anulación opcional para la contabilización de FBR. Dejar en blanco para detectar automáticamente a partir del nombre del modo. 1 Efectivo, 2 Tarjeta, 3 Vale de regalo, 4 Tarjeta de fidelización, 5 Mixto, 6 Cheque.",
Optional override. Leave blank to use the default FBR URL for the selected environment.,Anulación opcional. Dejar en blanco para usar la URL por defecto de FBR para el entorno seleccionado.,
Order History,Historial de pedidos,
Order saved as draft,Pedido guardado como borrador,
Order saved as draft locally,Pedido guardado como borrador localmente,
Original invoice {0} not found,No se ha encontrado la factura original {0},
Other,Otro,
Outgoing Stock Entry is required.,El asiento de salida de stock es obligatorio.,
Outstanding,Pendiente,
Outstanding After Save,Pendiente tras guardar,
P/O Category,Categoría de pedido de compra,
POS Actions,Acciones de TPV,
POS Allowed Expense Account,Cuenta de gastos permitida de TPV,
POS Allowed Source Account,Cuenta de origen permitida de TPV,
POS Awaiting Settlement,Factura TPV pendiente de liquidación,
POS Cash Movement,Movimiento de caja de TPV,
POS Closing Shift,Cierre de turno de TPV,
POS Closing Shift Detail,Detalle de cierre de turno de TPV,
POS Closing Shift Taxes,Impuestos de cierre de turno de TPV,
POS Closing Shift {0} against {1} between selected period,Cierre de turno de TPV {0} contra {1} en el periodo seleccionado,
POS Configurations,Configuraciones de TPV,
POS Coupon,Cupón de TPV,
POS Coupon Detail,Detalle de cupón de TPV,
POS Delivery Date,Fecha de entrega de TPV,
POS Expense,Gasto de TPV,
POS Expense is disabled for this POS Profile.,Los gastos de TPV están desactivados para este perfil de TPV.,
POS Notes,Notas de TPV,
POS Offer,Oferta de TPV,
POS Offer Detail,Detalle de oferta de TPV,
POS Offer is disabled.,La oferta de TPV está desactivada.,
POS Opening Shift,Apertura de turno de TPV,
POS Opening Shift Detail,Detalle de apertura de turno de TPV,
POS Opening Shift is required,La apertura de turno de TPV es obligatoria,
POS Opening Shift is required to compute the overview.,Se requiere la apertura de turno de TPV para calcular el resumen.,
POS Opening Shift is required.,La apertura de turno de TPV es obligatoria.,
POS Opening Shift must be submitted and open.,La apertura de turno de TPV debe estar emitida y abierta.,
POS Opening Shift not found.,No se ha encontrado la apertura de turno de TPV.,
POS Opening Shift {0} is not for the same POS Profile,La apertura de turno de TPV {0} no pertenece al mismo perfil de TPV,
POS Opening Shift {0} is not for the same company,La apertura de turno de TPV {0} no pertenece a la misma empresa,
POS Opening Shift {0} not found,No se ha encontrado la apertura de turno de TPV {0},
POS Payment Entry Reference,Referencia de asiento de pago de TPV,
POS Payments,Pagos de TPV,
POS Permission,Permiso de TPV,
POS Print Format Rule,Regla de formato de impresión de TPV,
POS Profile company must match active POS Opening Shift company.,La empresa del perfil de TPV debe coincidir con la de la apertura de turno de TPV activa.,
POS Profile is not set. Please close and reopen the shift.,"El perfil de TPV no está configurado. Por favor, cierra y vuelve a abrir el turno.",
POS Profile is required,El perfil de TPV es obligatorio,
POS Profile is required to create purchase documents.,El perfil de TPV es obligatorio para crear documentos de compra.,
POS Profile is required.,El perfil de TPV es obligatorio.,
POS Profile must match the active POS Opening Shift profile.,El perfil de TPV debe coincidir con el de la apertura de turno de TPV activa.,
POS Profile must match the selected POS Opening Shift profile.,El perfil de TPV debe coincidir con el de la apertura de turno de TPV seleccionada.,
"POS Profile, Customer, and Items are required","El perfil de TPV, el cliente y los artículos son obligatorios",
POS Profiles,Perfiles de TPV,
POS Purchase Taxes,Impuestos de compra de TPV,
POS Role,Rol de TPV,
POS Role Permission,Permiso de rol de TPV,
POS Role {0} not found,No se ha encontrado el rol de TPV {0},
POS Sales Person Filter,Filtro de vendedor de TPV,
POS Settings,Ajustes de TPV,
POS Shift Reconciliation,Conciliación de turnos de TPV,
POS Shift {0} is not open,El turno de TPV {0} no está abierto,
POS credit redemption for Sales Invoice {0},Redención de saldo TPV para la factura de venta {0},
POS expense recorded,Gasto de TPV registrado,
POS profile data is missing or invalid.,Los datos del perfil de TPV faltan o no son válidos.,
POS registration number issued by FBR.,Número de registro de TPV emitido por la FBR.,
Paid,Pagado,
Park current invoice as draft,Aparcar factura actual como borrador,
Partial payment is not allowed for POS Profile {0}.,No se permite el pago parcial para el perfil de TPV {0}.,
Pay {0},Pagar {0},
Payment Entry is already created or payment account is not matched,El asiento de pago ya está creado o la cuenta de pago no coincide,
Payment Entry {0} has no unallocated amount remaining.,El asiento de pago {0} no tiene saldo pendiente por asignar.,
Payment Gateway Account not found,No se ha encontrado la cuenta de la pasarela de pago,
Payment Status,Estado del pago,
Payment failed: {0},Error en el pago: {0},
Payment {0} is already fully allocated,El pago {0} ya está totalmente asignado,
Per page:,Por página:,
Permission,Permiso,
Permission Label,Etiqueta de permiso,
Permission Name,Nombre del permiso,
Permission updated,Permiso actualizado,
Permissions,Permisos,
Permissions HTML,HTML de permisos,
Platform,Plataforma,
Please add at least one item,"Por favor, añada al menos un artículo",
Please add at least one item.,"Por favor, añada al menos un artículo.",
Please fill the required filters: {0},"Por favor, rellene los filtros obligatorios: {0}",
Please select Coupon Code Based POS Offer.,"Por favor, seleccione una oferta de TPV basada en código de cupón.",
Please select a customer before adding items to the cart,"Por favor, seleccione un cliente antes de añadir artículos a la cesta",
Please select a customer before holding the order.,"Por favor, seleccione un cliente antes de dejar el pedido en espera.",
Please select a customer before sending to cashier.,"Por favor, seleccione un cliente antes de enviar a caja.",
Please select a supplier,"Por favor, seleccione un proveedor",
Please select a supplier and PO Category first,"Por favor, seleccione primero un proveedor y una categoría de pedido de compra",
Please select a supplier and add items,"Por favor, seleccione un proveedor y añada artículos",
Please select a supplier before saving a draft.,"Por favor, seleccione un proveedor antes de guardar el borrador.",
Please select a supplier first,"Por favor, seleccione un proveedor primero",
Please select brand first,"Por favor, seleccione la marca primero",
Please select supplier first,"Por favor, seleccione el proveedor primero",
Please select the correct POS Offer with the same company.,"Por favor, seleccione la oferta de TPV correcta para la misma empresa.",
Please set Default Payable Account in Company {0},"Por favor, configure la cuenta a pagar por defecto en la empresa {0}",
Please set default account for Mode of Payment {0} in company {1},"Por favor, configure la cuenta por defecto para el método de pago {0} en la empresa {1}",
Point at a barcode to scan,Apunte a un código de barras para escanear,
Point of Sale,Terminal Punto de Venta (TPV),
Point of Sale Application for ERPNext,Aplicación de Terminal Punto de Venta (TPV) para ERPNext,
Points Balance,Saldo de puntos,
Points Earned,Puntos obtenidos,
Points Redeemed,Puntos canjeados,
Points Value,Valor de los puntos,
Pos Invoice,Factura TPV,
"Positions are 1-indexed and counted on the full barcode. Example: 3310100010009 => prefix 331, item code 3310100, weight 1.000, check digit 9.","Las posiciones están indexadas en 1 y se cuentan en todo el código de barras. Ejemplo: 3310100010009 => prefijo 331, código de artículo 3310100, peso 1.000, dígito de control 9.",
Posting Date must be a valid date,La fecha de contabilización debe ser una fecha válida,
Prefer not to say,Prefiero no decirlo,
Prefix,Prefijo,
Prefix included in barcode,Prefijo incluido en el código de barras,
Prefix length,Longitud del prefijo,
"Prefix length (for example, prefix 331 => length 3). Item/weight start positions still use full barcode positions.","Longitud del prefijo (por ejemplo, prefijo 331 => longitud 3). Las posiciones de inicio de artículo/peso siguen utilizando las posiciones del código de barras completo.",
Press Enter to copy result,Pulse Intro para copiar el resultado,
Price Discount Scheme ,Esquema de descuento de precio ,
Price List is required,La lista de precios es obligatoria,
Price decimals,Decimales del precio,
Price digits,Dígitos del precio,
Price included in barcode,Precio incluido en el código de barras,
Price starting position,Posición inicial del precio,
Primary Customer Offer,Oferta de cliente principal,
Print Count,Contador de impresiones,
Print Format Rules,Reglas de formato de impresión,
Print Labels,Imprimir etiquetas,
Print Last Invoice,Imprimir última factura,
Print Last Receipt,Imprimir último tique,
Print Summary,Imprimir resumen,
Print a non-genuine backup receipt for the customer at the terminal. No payment is collected; the genuine invoice is printed by the cashier after settlement.,Imprime un tique de respaldo no vinculante para el cliente en la terminal. No se realiza ningún cobro; el cajero imprimirá la factura definitiva tras la liquidación.,
Print backup receipt,Imprimir tique de respaldo,
Print barcode labels,Imprimir etiquetas de códigos de barras,
Print discount amount,Imprimir importe del descuento,
Print discount amount instead of percentage,Imprimir el importe del descuento en lugar del porcentaje,
Print last invoice,Imprimir última factura,
Print not available,Impresión no disponible,
Print window blocked. Please allow popups and try again.,"Ventana de impresión bloqueada. Por favor, permita las ventanas emergentes e inténtelo de nuevo.",
Printing Settings,Ajustes de impresión,
Process Payment,Procesar pago,
Process Return,Procesar devolución,
Process Return {0},Procesar devolución {0},
Process a return,Procesar una devolución,
Processing...,Procesando...,
Production,Producción,
Profiles List,Lista de perfiles,
Promo Type,Tipo de promoción,
Promotional Scheme,Esquema promocional,
Purchase Invoice,Factura de compra,
Purchase Invoice Details,Detalles de la factura de compra,
Purchase Invoice {0} created,Factura de compra {0} creada,
Purchase Invoice {0} submitted,Factura de compra {0} contabilizada,
Purchase Invoices,Facturas de compra,
Purchase Order,Pedido de compra,
Purchase Order '{0}' is not a draft.,El pedido de compra '{0}' no es un borrador.,
Purchase Order '{0}' not found.,No se ha encontrado el pedido de compra '{0}'.,
"Purchase Order <a href=""/app/purchase-order/{0}"">{0}</a> created successfully","Pedido de compra <a href=""/app/purchase-order/{0}"">{0}</a> creado correctamente",
Purchase Order Details,Detalles del pedido de compra,
Purchase Order Report,Informe de pedidos de compra,
Purchase Order is required.,El pedido de compra es obligatorio.,
Purchase Order {0} created,Pedido de compra {0} creado,
Purchase Order {0} does not exist.,El pedido de compra {0} no existe.,
Purchase Order {0} is not submitted.,El pedido de compra {0} no está contabilizado.,
Purchase Order {0} processing failed: {1},Fallo al procesar el pedido de compra {0}: {1},
Purchase Receipt,Albarán de compra,
Purchase Taxes,Impuestos de compra,
Purchase invoice requires at least one item with quantity.,La factura de compra requiere al menos un artículo con cantidad.,
Purchase invoice requires at least one item.,La factura de compra requiere al menos un artículo.,
Purchase invoices,Facturas de compra,
Purchase order requires at least one item with quantity.,El pedido de compra requiere al menos un artículo con cantidad.,
Purchase order requires at least one item.,El pedido de compra requiere al menos un artículo.,
Purchase order saved offline. Will sync when online.,Pedido de compra guardado en modo offline. Se sincronizará cuando haya conexión.,
"Purchase order summary with supplier, date range, and type filters.","Resumen de pedidos de compra con filtros de proveedor, rango de fechas y tipo.",
Purchase order synced successfully,Pedido de compra sincronizado correctamente,
Purchase orders,Pedidos de compra,
Purchasing,Compras,
Python package 'cryptography' is required for QZ Tray signing. Please install it on the server and retry.,"Se requiere el paquete de Python 'cryptography' para la firma con QZ Tray. Por favor, instálelo en el servidor e inténtelo de nuevo.",
QZ Certificate Missing,Falta el certificado de QZ,
QZ Certificate Ready,Certificado de QZ listo,
"QZ Tray certificate generated successfully.<br><br>Download the certificate from XPOS and import it into QZ Tray on each POS machine, then restart QZ Tray.","Certificado de QZ Tray generado correctamente.<br><br>Descargue el certificado desde XPOS e impórtelo en QZ Tray en cada terminal TPV, luego reinicie QZ Tray.",
QZ Tray certificate not found. Ask an administrator to run Setup QZ Certificate.,No se ha encontrado el certificado de QZ Tray. Pida a un administrador que ejecute la configuración del certificado de QZ.,
QZ certificate already exists.,El certificado de QZ ya existe.,
QZ certificate generated successfully.,Certificado de QZ generado correctamente.,
Qty Sold,Cant. vendida,
Qty in Hand,Cant. disponible,
Qualifying Transaction / Item,Transacción / Artículo aplicable,
Quantity,Cantidad,
Quantity and Amount Conditions,Condiciones de cantidad e importe,
Query Filters,Filtros de consulta,
"Quick actions: new sale, close shift, etc.","Acciones rápidas: nueva venta, cierre de turno, etc.",
Quotation name is required,El nombre del presupuesto es obligatorio,
Reason / Notes,Motivo / Notas,
Receipt Footer,Pie del tique,
Receipt Header,Cabecera del tique,
Receive & Return,Recibir y devolver,
Receive Qty,Cant. a recibir,
Receive stock,Recibir stock,
Received,Recibido,
Received at {0},Recibido en {0},
Receiving at,Recibiendo en,
Recent Movements,Movimientos recientes,
Record Deposit,Registrar depósito,
Record Expense,Registrar gasto,
Record a POS expense,Registrar un gasto de TPV,
Record a cash deposit,Registrar un depósito de efectivo,
Record a cash withdrawal,Registrar una retirada de efectivo,
Record bank drops,Registrar retiradas a banco,
Recv,Recibido,
Redeem Points,Canjear puntos,
Redeeming,Canjeando,
Reference,Referencia,
Referral Campaign,Campaña de referidos,
Referral Code is required,El código de referido es obligatorio,
Referral Code {0} does not exist,El código de referido {0} no existe,
Referral Code {0} is disabled,El código de referido {0} está desactivado,
Referral Company,Empresa del referido,
Referral Name,Nombre del referido,
Referral Settings,Ajustes de referidos,
Referral code,Código de referido,
Refresh Stock,Actualizar stock,
Refresh profiles,Actualizar perfiles,
Refund Amount,Importe a devolver,
Remaining outstanding: {0} across {1} invoice(s).,Pendiente restante: {0} en {1} factura(s).,
"Remarks (optional, e.g. missing or damaged items)","Observaciones (opcional, p. ej. artículos dañados o faltantes)",
Remarks are required for cash movement in this POS Profile.,Las observaciones son obligatorias para los movimientos de caja en este perfil de TPV.,
Remove,Eliminar,
Remove Selected Item from Cart,Eliminar el artículo seleccionado de la cesta,
Reorder Level,Punto de pedido,
Reorder Qty,Cantidad de reposición,
Repeat,Repetir,
Repeat Invoice,Repetir factura,
Repeat Invoice (Ctrl+G),Repetir factura (Ctrl+G),
Repeat Last Invoice,Repetir última factura,
Repeat a previous invoice,Repetir una factura anterior,
Replace Cheapest Item,Reemplazar el artículo más barato,
Replace Same Item,Reemplazar el mismo artículo,
Report,Informe,
Report exported as CSV.,Informe exportado como CSV.,
Report not found,Informe no encontrado,
Reports,Informes,
Require Cash Movement Remarks,Exigir observaciones en movimientos de caja,
Required Qty,Cant. requerida,
Reset,Restablecer,
Restore Draft Invoice,Restaurar factura en borrador,
Restore draft,Restaurar borrador,
Retry,Reintentar,
Return & Print,Devolver e imprimir,
Return Against invoice is required for returns,Es necesario hacer referencia a la factura original para las devoluciones,
Return Invoice,Factura de rectificación,
Return Mode,Modo devolución,
Return Payment,Pago de devolución,
Return Validity Days,Días de validez para devoluciones,
Return against invoice is required for returns,Es necesario vincular una factura para las devoluciones,
Return items must have negative quantities,Los artículos devueltos deben tener cantidades negativas,
Return saved locally (#{0}). It will sync to server automatically.,Devolución guardada localmente (#{0}). Se sincronizará con el servidor automáticamente.,
Return total must be negative (refund amount),El total de la devolución debe ser negativo (importe a reembolsar),
Return valid upto,Devolución válida hasta,
Return {0} saved successfully!,¡Devolución {0} guardada correctamente!,
Returns are only allowed until {0},Solo se permiten devoluciones hasta {0},
Review and reconcile your shift,Revise y concilie su turno,
Role,Rol,
Role Name,Nombre del rol,
Role Permissions,Permisos de rol,
Row,Fila,
Row ID,ID de fila,
Run,Ejecutar,
Sale Price,Precio de venta,
Sales Invoice Reference,Referencia de factura de venta,
Sales Order Created,Pedido de venta creado,
Sales Order Created at <a href='{0}'>{1}</a>,Pedido de venta creado en <a href='{0}'>{1}</a>,
Sales Order name is required,El nombre del pedido de venta es obligatorio,
Sales Order {0} does not exist,El pedido de venta {0} no existe,
Sales lines where no quantity was fulfilled during the period.,Líneas de venta en las que no se sirvió ninguna cantidad durante el periodo.,
Save,Guardar,
Save & Print,Guardar e imprimir,
Save Changes,Guardar cambios,
Save Draft,Guardar borrador,
Save Only,Solo guardar,
Save as draft,Guardar como borrador,
Save your current order to create a draft,Guarde su pedido actual para crear un borrador,
Saved Drafts,Borradores guardados,
Saving...,Guardando...,
Scale Barcode Settings,Ajustes de códigos de barras de balanza,
Scale Barcode Settings are incomplete. Please configure item and weight segments.,"Los ajustes de códigos de barras de balanza están incompletos. Por favor, configure los segmentos de artículo y peso.",
Scan barcode...,Ecanear código de barras...,
Search,Buscar,
Search Batch No,Buscar número de lote,
Search Items (Ctrl+K),Buscar artículos (Ctrl+K),
Search Serial No,Buscar número de serie,
Search and add items from the left panel,Busque y añada artículos desde el panel izquierdo,
Search and select a past invoice to load into the cart,Busque y seleccione una factura anterior para cargarla en la cesta,
Search and select an invoice to return,Busque y seleccione una factura para realizar la rectificación,
Search by invoice number or customer name...,Buscar por número de factura o nombre de cliente...,
"Search by invoice number, customer...","Buscar por número de factura, cliente...",
"Search by name, phone, email...","Buscar por nombre, teléfono, email...",
Search fields...,Buscar campos...,
Search for a customer or create a new one,Busque un cliente o cree uno nuevo,
Search for items to add barcode labels,Busque artículos para añadir etiquetas de código de barras,
Search item groups...,Buscar grupos de artículos...,
Search items,Buscar artículos,
Search items by name or code,Buscar artículos por nombre o código,
"Search items by name, code, or barcode...","Buscar artículos por nombre, código o código de barras...",
"Search items, pages, actions...","Buscar artículos, páginas, acciones...",
"Search items, scan barcode...","Buscar artículos, escanear código de barras...",
Search reports or categories...,Buscar informes o categorías...,
Search rows...,Buscar filas...,
Select a draft invoice to restore to cart,Seleccione una factura en borrador para restaurarla en la cesta,
Select a loyalty program to enroll this customer,Seleccione un programa de fidelización para inscribir a este cliente,
Select a role,Seleccione un rol,
Select a role to view its permissions.,Seleccione un rol para ver sus permisos.,
Select birthday,Seleccionar fecha de nacimiento,
Select country,Seleccionar país,
Select customer first,Seleccione primero un cliente,
Select expense account,Seleccionar cuenta de gastos,
Select gender,Seleccionar género,
Select group,Seleccionar grupo,
Select item...,Seleccionar artículo...,
Select territory,Seleccionar territorio,
Selected,Seleccionado,
Selected POS Opening Shift should be open.,El turno de apertura de TPV seleccionado debe estar abierto.,
Selected expense account is not allowed for this POS Profile.,La cuenta de gastos seleccionada no está permitida para este perfil de TPV.,
Selected source account is not allowed for this POS Profile.,La cuenta de origen seleccionada no está permitida para este perfil de TPV.,
Selling,Ventas,
Selling Price,Precio de venta,
Send to Cashier,Enviar a caja,
Sent to cashier,Enviado a caja,
Server Cache Duration (Minutes),Duración de la caché del servidor (minutos),
Set (has value),Asignado (tiene valor),
Set by X POS when the terminal sends an order to the cashier for settlement. The cashier collects payment and submits the invoice from the Cashier screen.,Establecido por X POS cuando el terminal envía un pedido al cajero para su liquidación. El cajero realiza el cobro y contabiliza la factura desde la pantalla de caja.,
Set-level summary for branch stock and movement tracking.,Resumen a nivel de conjunto para el seguimiento de stock y movimientos de la sucursal.,
Settings,Ajustes,
Setup,Configuración,
Shift Management,Gestión de turnos,
Shift Reconciliation,Conciliación de turno,
Shift closed successfully!,¡Turno cerrado correctamente!,
Shortage return from transit to source,Devolución por rotura/pérdida desde tránsito a origen,
Show Keyboard Shortcuts,Mostrar atajos de teclado,
Show Template Items,Mostrar artículos plantilla,
Show customer balance,Mostrar saldo del cliente,
Show this help,Mostrar esta ayuda,
Sign Out,Cerrar sesión,
Skip FBR SSL Verification,Omitir verificación SSL de FBR,
Slow Fast Moving Items,Artículos de alta y baja rotación,
Small (38×25mm),Pequeño (38×25mm),
Small remaining amounts,Pequeños importes restantes,
Snapshot stock balance by posting date for trend review.,Foto del balance de stock por fecha de contabilización para análisis de tendencias.,
Sold,Vendido,
Sold Qty,Cant. vendida,
"Sorry, this coupon code cannot be used by this company","Lo sentimos, este código de cupón no puede ser utilizado por esta empresa",
"Sorry, this coupon code cannot be used by this customer","Lo sentimos, este código de cupón no puede ser utilizado por este cliente",
"Sorry, this coupon code not exists","Lo sentimos, este código de cupón no existe",
"Sorry, {0} have used this coupon before","Lo sentimos, {0} ya ha utilizado este cupón anteriormente",
Sort by,Ordenar por,
Source Account,Cuenta de origen,
Source Warehouse,Almacén de origen,
Source account,Cuenta de origen,
Source account must be a Cash account.,La cuenta de origen debe ser una cuenta de efectivo / caja.,
Source account must belong to the selected company.,La cuenta de origen debe pertenecer a la empresa seleccionada.,
Source account override is disabled for this POS Profile.,La sustitución de la cuenta de origen está desactivada para este perfil de TPV.,
Source and target accounts are required.,Las cuentas de origen y destino son obligatorias.,
Source and target accounts cannot be the same for cash deposit.,Las cuentas de origen y destino no pueden ser la misma para un depósito de efectivo.,
Split Payment,Pago dividido / Fraccionado,
Start Search,Iniciar búsqueda,
Start typing to search,Empiece a escribir para buscar,
Starting camera…,Iniciando cámara…,
Starting position (1-indexed) of the price segment.,Posición inicial (indexada en 1) del segmento del precio.,
Stock Audit Report,Informe de auditoría de stock,
Stock Entry ID,ID de asiento de stock,
Stock Entry {0} does not exist.,El asiento de stock {0} no existe.,
Stock Entry {0} has already been fully received.,El asiento de stock {0} ya se ha recibido por completo.,
Stock Entry {0} is not a Material Transfer with in-transit.,El asiento de stock {0} no es una transferencia de material en tránsito.,
Stock Entry {0} is not a valid in-transit transfer.,El asiento de stock {0} no es una transferencia en tránsito válida.,
Stock Entry {0} is not submitted.,El asiento de stock {0} no está contabilizado.,
Stock Qty,Cant. en stock,
Stock Receiving,Recepción de stock,
Stock UOM is required.,La ud. de medida (UOM) de stock es obligatoria.,
Stock Value,Valor de stock,
Stock Value By Warehouse,Valor de stock por almacén,
Stock Value Difference,Diferencia de valor de stock,
Stock Value Summary By Date,Resumen de valor de stock por fecha,
Stock Value Summary by Date,Resumen de valor de stock por fecha,
Stock Value by Warehouse,Valor de stock por almacén,
Stock snapshot grouped with reorder and alert levels.,Foto de stock agrupada con puntos de pedido y niveles de alerta.,
Stock that has been sitting too long with low value movement.,Stock que ha permanecido demasiado tiempo inactivo con bajo movimiento de valor.,
Stored securely and sent as an Authorization Bearer token to FBR.,Guardado de forma segura y enviado como un token de autorización Bearer a la FBR.,
Submit,Contabilizar,
Submit current cart,Enviar/Contabilizar cesta actual,
Submitting...,Contabilizando...,
Success,Éxito,
Successfully enrolled {0} in {1},Inscrito correctamente a {0} en {1},
Successfully unenrolled {0} from {1},Dado de baja correctamente a {0} de {1},
Supp. Inv #,Nº Fac. Prov.,
Supp. Inv Date,Fecha Fac. Prov.,
Supplier,Proveedor,
Supplier '{0}' not found.,No se ha encontrado al proveedor '{0}'.,
Supplier Bill,Factura de proveedor,
Supplier and PO Category are required.,El proveedor y la categoría del pedido de compra son obligatorios.,
Supplier is required to save a draft.,Se requiere el proveedor para guardar un borrador.,
Supplier is required.,El proveedor es obligatorio.,
Supplier name is required.,El nombre del proveedor es obligatorio.,
Supplier {0} was not found.,No se ha encontrado al proveedor {0}.,
"Supported: QR, EAN, UPC, Code 128, Code 39 and more","Soportado: QR, EAN, UPC, Code 128, Code 39 y más",
Switch between light/dark/system,Cambiar entre modo claro/oscuro/sistema,
Sync All,Sincronizar todo,
Sync failed:,Fallo de sincronización:,
Syncing...,Sincronizando...,
Tab on last cell adds row,Pulsar Tab en la última celda añade una fila,
Target Account,Cuenta de destino,
Target Warehouse,Almacén de destino,
Target account,Cuenta de destino,
Target account is required,La cuenta de destino es obligatoria,
Target account must belong to the selected company.,La cuenta de destino debe pertenecer a la empresa seleccionada.,
Target warehouse is required.,El almacén de destino es obligatorio.,
Tax,Impuesto,
Tax Amt,Cuota IVA,
Tax Breakdown,Desglose de impuestos,
Tax Inclusive,Impuestos incluidos,
Tax Total,Total impuestos,
Tax Type,Tipo de impuesto,
Tax%,% IVA,
Taxes & Charges,Impuestos y cargos,
Taxes Breakdown,Desglose de impuestos,
Tendered,Entregado,
Territory,Territorio,
The report route does not match any configured report.,La ruta del informe no coincide con ningún informe configurado.,
Theme: Dark (click to switch to System),Tema: Oscuro (haga clic para cambiar a Sistema),
Theme: Light (click to switch to Dark),Tema: Claro (haga clic para cambiar a Oscuro),
Theme: System ({0}) (click to switch to Light),Tema: Sistema ({0}) (haga clic para cambiar a Claro),
"Thermal-printable stock audit by item with available qty. Filter by warehouse, brand, supplier, or item.","Auditoría de stock por artículo imprimible en formato térmico con cantidad disponible. Filtrado por almacén, marca, proveedor o artículo.",
This Referral Code {0} not exists,Este código de referido {0} no existe,
This invoice {0} cannot be deleted,Esta factura {0} no se puede eliminar,
This item is not in the original invoice,Este artículo no está en la factura original,
This report has no filters.,Este informe no tiene filtros.,
Till,Caja de cobro,
To,Hasta,
To Date,Hasta la fecha,
Today,Hoy,
Toggle Full Screen,Alternar pantalla completa,
Toggle Held/Draft Invoices,Alternar facturas retenidas/borrador,
Toggle Item View (Grid/List),Alternar vista de artículos (cuadrícula/lista),
Toggle Theme,Alternar tema,
Tools,Herramientas,
Total Discount,Descuento total,
Total Invoices,Total facturas,
Total Paid,Total pagado,
Total Qty,Cant. total,
Total Taxes,Total impuestos,
Total Value,Valor total,
Total item code digits to extract. Example: item code 3310100 => digits 7.,Total de dígitos del código de artículo a extraer. Ejemplo: código de artículo 3310100 => 7 dígitos.,
Trigger Manual Sync,Forzar sincronización manual,
Try Again,Reintentar,
Try a different keyword or clear the search field.,Pruebe con una palabra clave diferente o limpie el campo de búsqueda.,
Try a different search or category,Pruebe con otra búsqueda o categoría,
"Try adjusting the filters, search term, or sort order.","Pruebe a ajustar los filtros, el término de búsqueda o el orden.",
Try adjusting your filters,Pruebe a ajustar sus filtros,
UOM,UdM,
Unable to cancel Journal Entry {0} linked to this invoice. Please cancel it manually and try again.,"No se puede cancelar el asiento contable {0} vinculado a esta factura. Por favor, cancélelo manualmente e inténtelo de nuevo.",
Unable to create Journal Entry for customer credit.,No se puede crear el asiento contable para el crédito del cliente.,
Unable to determine cash account for change payment entry.,No se puede determinar la cuenta de caja para el asiento del pago del cambio.,
Unable to determine customer receivable account for change payment entry.,No se puede determinar la cuenta a cobrar del cliente para el asiento del pago del cambio.,
Unable to find exchange rate for {0} to {1}. Please create a Currency Exchange record manually,"No se puede encontrar el tipo de cambio de {0} a {1}. Por favor, cree un registro de cambio de divisa manualmente.",
Unable to load Credit Note {0}: {1},No se puede cargar la factura de abono {0}: {1},
Unable to load Payment Entry {0}: {1},No se puede cargar el asiento de pago {0}: {1},
Unable to resolve POS Opening Shift.,No se puede resolver el turno de apertura de TPV.,
Unable to resolve POS cash account from POS Profile cash mode of payment.,No se puede resolver la cuenta de caja de TPV desde el modo de pago en efectivo del perfil de TPV.,
Unenroll from Program,Dar de baja del programa,
Unknown Customer,Cliente desconocido,
Unknown Item,Artículo desconocido,
Unknown error,Error desconocido,
Unknown report: {0},Informe desconocido: {0},
Unsupported doctype for print tracking: {0},DocType no compatible para el seguimiento de impresión: {0},
Update Buying Price,Actualizar precio de compra,
Update Selling Price,Actualizar precio de venta,
Update customer information,Actualizar información del cliente,
Update selling price using profiles' selling price list,Actualizar el precio de venta utilizando la lista de precios de venta del perfil,
Use Limit Search,Usar búsqueda con límite,
Use POS payments,Usar pagos TPV,
Use Server Cache,Usar caché del servidor,
Use cashback,Usar cashback,
Use customer credit,Usar crédito de cliente,
Use delivery charges,Usar gastos de entrega,
Use offline mode,Usar modo offline,
Use these keyboard shortcuts to navigate faster,Utilice estos atajos de teclado para navegar más rápido,
"Use ↑ ↓ to navigate, Enter to settle","Use ↑ ↓ para navegar, Enter para liquidar",
User must match the selected POS Opening Shift user.,El usuario debe coincidir con el usuario del turno de apertura de TPV seleccionado.,
Valuation Rate,Precio de valoración,
Value,Valor,
Version,Versión,
Version and system information,Información del sistema y versión,
View Orders,Ver pedidos,
View all keyboard shortcuts,Ver todos los atajos de teclado,
View held/draft invoices,Ver facturas retenidas/borrador,
View purchase invoices,Ver facturas de compra,
View sales orders,Ver pedidos de venta,
Voucher Type,Tipo de justificante,
Walk-in Customer,Cliente genérico,
Warehouse Stock Movement,Movimiento de stock de almacén,
Warehouse is required when receiving stock with a Purchase Invoice.,El almacén es obligatorio cuando se recibe stock con una factura de compra.,
Warehouse value and quantity summary for quick inventory valuation.,Resumen de cantidad y valor del almacén para una valoración rápida del inventario.,
Warehouses,Almacenes,
Web Browser,Navegador web,
Weight decimals,Decimales de peso,
Weight digits,Dígitos de peso,
Weight starting position,Posición inicial de peso,
Weight value is parsed as: [weight digits].[weight decimals].,El valor del peso se procesa como: [dígitos de peso].[decimales de peso].,
"When enabled, price is extracted using the price start/digits/decimals fields below.","Cuando está activado, el precio se extrae utilizando los campos de inicio/dígitos/decimales del precio que aparecen a continuación.",
"When enabled, the POS terminal creates an unsettled invoice instead of collecting payment. A cashier settles it later from the Cashier screen.","Cuando está activado, el terminal TPV crea una factura pendiente de liquidación en lugar de realizar el cobro. Un cajero la liquidará más tarde desde la pantalla de caja.",
Write off amount exceeds the allowed limit ({0}). Please add payment for the remaining amount.,"El importe a condonar supera el límite permitido ({0}). Por favor, añada un pago para el importe restante.",
X POS Payments is not enabled for this POS Profile,X POS Payments no está activado para este perfil de TPV,
X POS Purchase Order Flow Failed,El flujo de pedidos de compra de X POS ha fallado,
XPOS Local ID,ID local de XPOS,
Yes,Sí,
You are not a cashier,No es un cajero,
You are not allowed to access this shift.,No tiene permitido el acceso a este turno.,
You are not allowed to manage this cash movement record.,No tiene permitido gestionar este registro de movimiento de caja.,
You are not permitted to manage POS role permissions.,No tiene permisos para gestionar los permisos de rol de TPV.,
You are not permitted to settle invoices.,No tiene permisos para liquidar facturas.,
You are offline. Check your internet connection.,Está offline. Compruebe su conexión a internet.,
You are offline. Connect to the server and try again.,Está offline. Conéctese al servidor e inténtelo de nuevo.,
You are offline. Invoice could not be saved locally.,Está offline. La factura de venta no se ha podido guardar localmente.,
You are trying to return more quantity for item {0} than was sold.,Está intentando devolver más cantidad para el artículo {0} de la que se vendió.,
You do not have access to this report.,No tiene acceso a este informe.,
You do not have permission to open this report from the app.,No tiene permisos para abrir este informe desde la aplicación.,
Z-report: items sold with quantities plus totals by payment mode for end-of-shift cash-up.,Informe Z: artículos vendidos con cantidades más totales por modo de pago para el arqueo de caja al final del turno.,
Zero Qty,Cant. cero,
Zero Qty Sales Report,Informe de líneas de venta no servidas,
available,disponible,
close,cerrar,
days,días,
from_currency and to_currency are required,se requieren las variables from_currency y to_currency,
item,artículo,
item(s),artículo(s),
items,artículos,
items must be a list,items debe ser una lista,
label(s),etiqueta(s),
modified_after must be a valid ISO datetime,modified_after debe ser una fecha y hora ISO válida,
more,más,
navigate,navegar,
of,de,
or,o,
permissions enabled,permisos activados,
pts,ptos,
received,recibido,
reports,informes,
required,obligatorio,
rows,filas,
sales_invoice is required,se requiere sales_invoice,
sales_order is required,se requiere sales_order,
select,seleccionar,
selected,seleccionado,
transferred,transferido,
unaccounted,no contabilizado,
will be returned to,se devolverá a,
{0} can only create deposits for their own shift,{0} solo puede crear depósitos para su propio turno,
{0} can only create expenses for their own shift,{0} solo puede crear gastos para su propio turno,
{0} is disabled for this POS Profile.,{0} está desactivado para este perfil de TPV.,
{0} is invalid.,{0} no es válido.,
{0} items,{0} artículos,
{0} items added,{0} artículos añadidos,
{0} must belong to company {1}.,{0} debe pertenecer a la empresa {1}.,
{0} payment(s) were skipped.,Se omitieron {0} pago(s).,
{0} {1} must be submitted before creating change payment entries.,{0} {1} debe estar contabilizado antes de crear los asientos del pago del cambio.,
{} Active,{} activo,
